{
  "platform": "win32",
  "node": "v24.18.0",
  "baseline": "fast-glob@3.3.1",
  "candidate": "brace-expansion@5.0.12 + picomatch@2.3.2 + fill-range@7.1.1 adapter",
  "results": [
    {
      "expected": {
        "paths": [
          "<fixture>"
        ]
      },
      "actual": {
        "paths": [
          "<fixture>"
        ]
      },
      "pass": true
    },
    {
      "input": "apps/site",
      "expected": {
        "paths": [
          "apps/site"
        ]
      },
      "actual": {
        "paths": [
          "apps/site"
        ]
      },
      "pass": true
    },
    {
      "input": "apps/site/",
      "expected": {
        "paths": [
          "apps/site/"
        ]
      },
      "actual": {
        "paths": [
          "apps/site/"
        ]
      },
      "pass": true
    },
    {
      "input": "apps/*",
      "expected": {
        "paths": [
          "apps/${site,admin}",
          "apps/01",
          "apps/02",
          "apps/03",
          "apps/1",
          "apps/2",
          "apps/3",
          "apps/a",
          "apps/admin",
          "apps/link",
          "apps/other",
          "apps/site",
          "apps/site space",
          "apps/Z",
          "apps/[",
          "apps/]",
          "apps/{site,admin}"
        ]
      },
      "actual": {
        "paths": [
          "apps/${site,admin}",
          "apps/01",
          "apps/02",
          "apps/03",
          "apps/1",
          "apps/2",
          "apps/3",
          "apps/a",
          "apps/admin",
          "apps/link",
          "apps/other",
          "apps/site",
          "apps/site space",
          "apps/Z",
          "apps/[",
          "apps/]",
          "apps/{site,admin}"
        ]
      },
      "pass": true
    },
    {
      "input": "apps/**",
      "expected": {
        "paths": [
          "apps/${site,admin}",
          "apps/01",
          "apps/02",
          "apps/03",
          "apps/1",
          "apps/2",
          "apps/3",
          "apps/a",
          "apps/admin",
          "apps/link",
          "apps/other",
          "apps/site",
          "apps/site space",
          "apps/Z",
          "apps/[",
          "apps/]",
          "apps/{site,admin}",
          "apps/link/nested",
          "apps/site/nested",
          "apps/site space/child",
          "apps/]/nested",
          "apps/link/nested/deeper",
          "apps/site/nested/deeper"
        ]
      },
      "actual": {
        "paths": [
          "apps/${site,admin}",
          "apps/01",
          "apps/02",
          "apps/03",
          "apps/1",
          "apps/2",
          "apps/3",
          "apps/a",
          "apps/admin",
          "apps/link",
          "apps/other",
          "apps/site",
          "apps/site space",
          "apps/Z",
          "apps/[",
          "apps/]",
          "apps/{site,admin}",
          "apps/link/nested",
          "apps/site/nested",
          "apps/site space/child",
          "apps/]/nested",
          "apps/link/nested/deeper",
          "apps/site/nested/deeper"
        ]
      },
      "pass": true
    },
    {
      "input": "apps/{site,admin}",
      "expected": {
        "paths": [
          "apps/site",
          "apps/admin"
        ]
      },
      "actual": {
        "paths": [
          "apps/site",
          "apps/admin"
        ]
      },
      "pass": true
    },
    {
      "input": [
        "apps/site",
        "apps/admin"
      ],
      "expected": {
        "paths": [
          "apps/site",
          "apps/admin"
        ]
      },
      "actual": {
        "paths": [
          "apps/site",
          "apps/admin"
        ]
      },
      "pass": true
    },
    {
      "input": "apps/site space",
      "expected": {
        "paths": [
          "apps/site space"
        ]
      },
      "actual": {
        "paths": [
          "apps/site space"
        ]
      },
      "pass": true
    },
    {
      "input": "missing",
      "expected": {
        "paths": []
      },
      "actual": {
        "paths": []
      },
      "pass": true
    },
    {
      "input": "apps/.hidden",
      "expected": {
        "paths": [
          "apps/.hidden"
        ]
      },
      "actual": {
        "paths": [
          "apps/.hidden"
        ]
      },
      "pass": true
    },
    {
      "input": "apps\\site",
      "expected": {
        "paths": [
          "apps/site"
        ]
      },
      "actual": {
        "paths": [
          "apps/site"
        ]
      },
      "pass": true
    },
    {
      "input": "C:\\Users\\AJDIGI~1\\AppData\\Local\\Temp\\responseos-expanded-glob-nnwlUC\\apps\\site",
      "expected": {
        "paths": [
          "<fixture>/apps/site"
        ]
      },
      "actual": {
        "paths": [
          "<fixture>/apps/site"
        ]
      },
      "pass": true
    },
    {
      "input": "apps/site/file.txt",
      "expected": {
        "paths": []
      },
      "actual": {
        "paths": []
      },
      "pass": true
    },
    {
      "input": ".",
      "expected": {
        "paths": [
          "."
        ]
      },
      "actual": {
        "paths": [
          "."
        ]
      },
      "pass": true
    },
    {
      "input": "./",
      "expected": {
        "paths": [
          "./"
        ]
      },
      "actual": {
        "paths": [
          "./"
        ]
      },
      "pass": true
    },
    {
      "input": "./apps/site",
      "expected": {
        "paths": [
          "./apps/site"
        ]
      },
      "actual": {
        "paths": [
          "./apps/site"
        ]
      },
      "pass": true
    },
    {
      "input": "./apps/*",
      "expected": {
        "paths": [
          "./apps/${site,admin}",
          "./apps/01",
          "./apps/02",
          "./apps/03",
          "./apps/1",
          "./apps/2",
          "./apps/3",
          "./apps/a",
          "./apps/admin",
          "./apps/link",
          "./apps/other",
          "./apps/site",
          "./apps/site space",
          "./apps/Z",
          "./apps/[",
          "./apps/]",
          "./apps/{site,admin}"
        ]
      },
      "actual": {
        "paths": [
          "./apps/${site,admin}",
          "./apps/01",
          "./apps/02",
          "./apps/03",
          "./apps/1",
          "./apps/2",
          "./apps/3",
          "./apps/a",
          "./apps/admin",
          "./apps/link",
          "./apps/other",
          "./apps/site",
          "./apps/site space",
          "./apps/Z",
          "./apps/[",
          "./apps/]",
          "./apps/{site,admin}"
        ]
      },
      "pass": true
    },
    {
      "input": "apps//site",
      "expected": {
        "paths": [
          "apps/site"
        ]
      },
      "actual": {
        "paths": [
          "apps/site"
        ]
      },
      "pass": true
    },
    {
      "input": "apps/**/",
      "expected": {
        "paths": [
          "apps/${site,admin}",
          "apps/01",
          "apps/02",
          "apps/03",
          "apps/1",
          "apps/2",
          "apps/3",
          "apps/a",
          "apps/admin",
          "apps/link",
          "apps/other",
          "apps/site",
          "apps/site space",
          "apps/Z",
          "apps/[",
          "apps/]",
          "apps/{site,admin}",
          "apps/link/nested",
          "apps/site/nested",
          "apps/site space/child",
          "apps/]/nested",
          "apps/link/nested/deeper",
          "apps/site/nested/deeper"
        ]
      },
      "actual": {
        "paths": [
          "apps/${site,admin}",
          "apps/01",
          "apps/02",
          "apps/03",
          "apps/1",
          "apps/2",
          "apps/3",
          "apps/a",
          "apps/admin",
          "apps/link",
          "apps/other",
          "apps/site",
          "apps/site space",
          "apps/Z",
          "apps/[",
          "apps/]",
          "apps/{site,admin}",
          "apps/link/nested",
          "apps/site/nested",
          "apps/site space/child",
          "apps/]/nested",
          "apps/link/nested/deeper",
          "apps/site/nested/deeper"
        ]
      },
      "pass": true
    },
    {
      "input": "apps/**/*",
      "expected": {
        "paths": [
          "apps/${site,admin}",
          "apps/01",
          "apps/02",
          "apps/03",
          "apps/1",
          "apps/2",
          "apps/3",
          "apps/a",
          "apps/admin",
          "apps/link",
          "apps/other",
          "apps/site",
          "apps/site space",
          "apps/Z",
          "apps/[",
          "apps/]",
          "apps/{site,admin}",
          "apps/link/nested",
          "apps/site/nested",
          "apps/site space/child",
          "apps/]/nested",
          "apps/link/nested/deeper",
          "apps/site/nested/deeper"
        ]
      },
      "actual": {
        "paths": [
          "apps/${site,admin}",
          "apps/01",
          "apps/02",
          "apps/03",
          "apps/1",
          "apps/2",
          "apps/3",
          "apps/a",
          "apps/admin",
          "apps/link",
          "apps/other",
          "apps/site",
          "apps/site space",
          "apps/Z",
          "apps/[",
          "apps/]",
          "apps/{site,admin}",
          "apps/link/nested",
          "apps/site/nested",
          "apps/site space/child",
          "apps/]/nested",
          "apps/link/nested/deeper",
          "apps/site/nested/deeper"
        ]
      },
      "pass": true
    },
    {
      "input": "apps/*/**",
      "expected": {
        "paths": [
          "apps/${site,admin}",
          "apps/01",
          "apps/02",
          "apps/03",
          "apps/1",
          "apps/2",
          "apps/3",
          "apps/a",
          "apps/admin",
          "apps/link",
          "apps/other",
          "apps/site",
          "apps/site space",
          "apps/Z",
          "apps/[",
          "apps/]",
          "apps/{site,admin}",
          "apps/link/nested",
          "apps/site/nested",
          "apps/site space/child",
          "apps/]/nested",
          "apps/link/nested/deeper",
          "apps/site/nested/deeper"
        ]
      },
      "actual": {
        "paths": [
          "apps/${site,admin}",
          "apps/01",
          "apps/02",
          "apps/03",
          "apps/1",
          "apps/2",
          "apps/3",
          "apps/a",
          "apps/admin",
          "apps/link",
          "apps/other",
          "apps/site",
          "apps/site space",
          "apps/Z",
          "apps/[",
          "apps/]",
          "apps/{site,admin}",
          "apps/link/nested",
          "apps/site/nested",
          "apps/site space/child",
          "apps/]/nested",
          "apps/link/nested/deeper",
          "apps/site/nested/deeper"
        ]
      },
      "pass": true
    },
    {
      "input": "apps/**/nested",
      "expected": {
        "paths": [
          "apps/link/nested",
          "apps/site/nested",
          "apps/]/nested"
        ]
      },
      "actual": {
        "paths": [
          "apps/link/nested",
          "apps/site/nested",
          "apps/]/nested"
        ]
      },
      "pass": true
    },
    {
      "input": "apps/**/nested/**",
      "expected": {
        "paths": [
          "apps/link/nested",
          "apps/site/nested",
          "apps/]/nested",
          "apps/link/nested/deeper",
          "apps/site/nested/deeper"
        ]
      },
      "actual": {
        "paths": [
          "apps/link/nested",
          "apps/site/nested",
          "apps/]/nested",
          "apps/link/nested/deeper",
          "apps/site/nested/deeper"
        ]
      },
      "pass": true
    },
    {
      "input": "apps/!(admin)",
      "expected": {
        "paths": [
          "apps/${site,admin}",
          "apps/.hidden",
          "apps/01",
          "apps/02",
          "apps/03",
          "apps/1",
          "apps/2",
          "apps/3",
          "apps/a",
          "apps/link",
          "apps/other",
          "apps/site",
          "apps/site space",
          "apps/Z",
          "apps/[",
          "apps/]",
          "apps/{site,admin}"
        ]
      },
      "actual": {
        "paths": [
          "apps/${site,admin}",
          "apps/.hidden",
          "apps/01",
          "apps/02",
          "apps/03",
          "apps/1",
          "apps/2",
          "apps/3",
          "apps/a",
          "apps/link",
          "apps/other",
          "apps/site",
          "apps/site space",
          "apps/Z",
          "apps/[",
          "apps/]",
          "apps/{site,admin}"
        ]
      },
      "pass": true
    },
    {
      "input": "apps/@(site|admin)",
      "expected": {
        "paths": [
          "apps/admin",
          "apps/site"
        ]
      },
      "actual": {
        "paths": [
          "apps/admin",
          "apps/site"
        ]
      },
      "pass": true
    },
    {
      "input": "apps/[sa]*",
      "expected": {
        "paths": [
          "apps/a",
          "apps/admin",
          "apps/site",
          "apps/site space"
        ]
      },
      "actual": {
        "paths": [
          "apps/a",
          "apps/admin",
          "apps/site",
          "apps/site space"
        ]
      },
      "pass": true
    },
    {
      "input": "apps/{1..3}",
      "expected": {
        "paths": [
          "apps/1",
          "apps/2",
          "apps/3"
        ]
      },
      "actual": {
        "paths": [
          "apps/1",
          "apps/2",
          "apps/3"
        ]
      },
      "pass": true
    },
    {
      "input": "apps/{01..03}",
      "expected": {
        "paths": [
          "apps/01",
          "apps/02",
          "apps/03"
        ]
      },
      "actual": {
        "paths": [
          "apps/01",
          "apps/02",
          "apps/03"
        ]
      },
      "pass": true
    },
    {
      "input": "apps/{3..1}",
      "expected": {
        "paths": [
          "apps/3",
          "apps/2",
          "apps/1"
        ]
      },
      "actual": {
        "paths": [
          "apps/3",
          "apps/2",
          "apps/1"
        ]
      },
      "pass": true
    },
    {
      "input": "apps/{1..3..2}",
      "expected": {
        "paths": [
          "apps/1",
          "apps/3"
        ]
      },
      "actual": {
        "paths": [
          "apps/1",
          "apps/3"
        ]
      },
      "pass": true
    },
    {
      "input": "apps/{site,{admin,other}}",
      "expected": {
        "paths": [
          "apps/site",
          "apps/admin",
          "apps/other"
        ]
      },
      "actual": {
        "paths": [
          "apps/site",
          "apps/admin",
          "apps/other"
        ]
      },
      "pass": true
    },
    {
      "input": "apps/{site,}",
      "expected": {
        "paths": [
          "apps/",
          "apps/site"
        ]
      },
      "actual": {
        "paths": [
          "apps/",
          "apps/site"
        ]
      },
      "pass": true
    },
    {
      "input": "apps/{,site}",
      "expected": {
        "paths": [
          "apps/",
          "apps/site"
        ]
      },
      "actual": {
        "paths": [
          "apps/",
          "apps/site"
        ]
      },
      "pass": true
    },
    {
      "input": "apps/{site,site}",
      "expected": {
        "paths": [
          "apps/site"
        ]
      },
      "actual": {
        "paths": [
          "apps/site"
        ]
      },
      "pass": true
    },
    {
      "input": "apps/{site}",
      "expected": {
        "paths": []
      },
      "actual": {
        "paths": []
      },
      "pass": true
    },
    {
      "input": "apps/{}",
      "expected": {
        "paths": []
      },
      "actual": {
        "paths": []
      },
      "pass": true
    },
    {
      "input": "apps/{{site,admin}}",
      "expected": {
        "paths": []
      },
      "actual": {
        "paths": []
      },
      "pass": true
    },
    {
      "input": "apps/${site,admin}",
      "expected": {
        "paths": []
      },
      "actual": {
        "paths": []
      },
      "pass": true
    },
    {
      "input": "apps/\"{site,admin}\"",
      "expected": {
        "paths": [
          "apps/admin",
          "apps/site"
        ]
      },
      "actual": {
        "paths": [
          "apps/admin",
          "apps/site"
        ]
      },
      "pass": true
    },
    {
      "input": "apps/{site,,admin}",
      "expected": {
        "paths": [
          "apps/",
          "apps/site",
          "apps/admin"
        ]
      },
      "actual": {
        "paths": [
          "apps/",
          "apps/site",
          "apps/admin"
        ]
      },
      "pass": true
    },
    {
      "input": "apps/{-2..2}",
      "expected": {
        "paths": [
          "apps/1",
          "apps/2"
        ]
      },
      "actual": {
        "paths": [
          "apps/1",
          "apps/2"
        ]
      },
      "pass": true
    },
    {
      "input": "apps/{a..Z}",
      "expected": {
        "paths": [
          "apps/a",
          "apps/]",
          "apps/[",
          "apps/Z"
        ]
      },
      "actual": {
        "paths": [
          "apps/a",
          "apps/]",
          "apps/[",
          "apps/Z"
        ]
      },
      "pass": true
    },
    {
      "input": "apps/{1..1001}",
      "expected": {
        "error": "RangeError",
        "message": "expanded array length exceeds range limit. Use options.rangeLimit to increase or disable the limit."
      },
      "actual": {
        "error": "RangeError",
        "message": "expanded array length exceeds range limit. Use options.rangeLimit to increase or disable the limit."
      },
      "pass": true
    },
    {
      "input": "!apps/site",
      "expected": {
        "paths": []
      },
      "actual": {
        "paths": []
      },
      "pass": true
    },
    {
      "input": [
        "apps/site",
        "apps/site"
      ],
      "expected": {
        "paths": [
          "apps/site",
          "apps/site"
        ]
      },
      "actual": {
        "paths": [
          "apps/site",
          "apps/site"
        ]
      },
      "pass": true
    },
    {
      "input": [
        "apps/site",
        null,
        42
      ],
      "expected": {
        "paths": [
          "apps/site"
        ]
      },
      "actual": {
        "paths": [
          "apps/site"
        ]
      },
      "pass": true
    },
    {
      "input": "C:\\Users\\AJDIGI~1\\AppData\\Local\\Temp\\responseos-expanded-glob-nnwlUC\\apps\\*",
      "expected": {
        "paths": [
          "<fixture>/apps/${site,admin}",
          "<fixture>/apps/01",
          "<fixture>/apps/02",
          "<fixture>/apps/03",
          "<fixture>/apps/1",
          "<fixture>/apps/2",
          "<fixture>/apps/3",
          "<fixture>/apps/a",
          "<fixture>/apps/admin",
          "<fixture>/apps/link",
          "<fixture>/apps/other",
          "<fixture>/apps/site",
          "<fixture>/apps/site space",
          "<fixture>/apps/Z",
          "<fixture>/apps/[",
          "<fixture>/apps/]",
          "<fixture>/apps/{site,admin}"
        ]
      },
      "actual": {
        "paths": [
          "<fixture>/apps/${site,admin}",
          "<fixture>/apps/01",
          "<fixture>/apps/02",
          "<fixture>/apps/03",
          "<fixture>/apps/1",
          "<fixture>/apps/2",
          "<fixture>/apps/3",
          "<fixture>/apps/a",
          "<fixture>/apps/admin",
          "<fixture>/apps/link",
          "<fixture>/apps/other",
          "<fixture>/apps/site",
          "<fixture>/apps/site space",
          "<fixture>/apps/Z",
          "<fixture>/apps/[",
          "<fixture>/apps/]",
          "<fixture>/apps/{site,admin}"
        ]
      },
      "pass": true
    },
    {
      "input": "apps/link",
      "expected": {
        "paths": [
          "apps/link"
        ]
      },
      "actual": {
        "paths": [
          "apps/link"
        ]
      },
      "pass": true
    },
    {
      "input": "apps/link/**",
      "expected": {
        "paths": [
          "apps/link/nested",
          "apps/link/nested/deeper"
        ]
      },
      "actual": {
        "paths": [
          "apps/link/nested",
          "apps/link/nested/deeper"
        ]
      },
      "pass": true
    },
    {
      "input": "apps/{site,admin}",
      "expected": {
        "paths": [
          "apps/site",
          "apps/admin"
        ]
      },
      "actual": {
        "paths": [
          "apps/site",
          "apps/admin"
        ]
      },
      "pass": true
    },
    {
      "input": "apps/{site,admin}/",
      "expected": {
        "paths": [
          "apps/site/",
          "apps/admin/"
        ]
      },
      "actual": {
        "paths": [
          "apps/site/",
          "apps/admin/"
        ]
      },
      "pass": true
    },
    {
      "input": "apps/{site,admin}/*",
      "expected": {
        "paths": [
          "apps/site/nested"
        ]
      },
      "actual": {
        "paths": [
          "apps/site/nested"
        ]
      },
      "pass": true
    },
    {
      "input": "./apps/{site,admin}",
      "expected": {
        "paths": [
          "./apps/site",
          "./apps/admin"
        ]
      },
      "actual": {
        "paths": [
          "./apps/site",
          "./apps/admin"
        ]
      },
      "pass": true
    },
    {
      "input": "apps/{site,}",
      "expected": {
        "paths": [
          "apps/",
          "apps/site"
        ]
      },
      "actual": {
        "paths": [
          "apps/",
          "apps/site"
        ]
      },
      "pass": true
    },
    {
      "input": "apps/{site,}/",
      "expected": {
        "paths": [
          "apps/",
          "apps/site/"
        ]
      },
      "actual": {
        "paths": [
          "apps/",
          "apps/site/"
        ]
      },
      "pass": true
    },
    {
      "input": "apps/{site,}/*",
      "expected": {
        "paths": [
          "apps/${site,admin}",
          "apps/01",
          "apps/02",
          "apps/03",
          "apps/1",
          "apps/2",
          "apps/3",
          "apps/a",
          "apps/admin",
          "apps/link",
          "apps/other",
          "apps/site",
          "apps/site space",
          "apps/Z",
          "apps/[",
          "apps/]",
          "apps/{site,admin}",
          "apps/site/nested"
        ]
      },
      "actual": {
        "paths": [
          "apps/${site,admin}",
          "apps/01",
          "apps/02",
          "apps/03",
          "apps/1",
          "apps/2",
          "apps/3",
          "apps/a",
          "apps/admin",
          "apps/link",
          "apps/other",
          "apps/site",
          "apps/site space",
          "apps/Z",
          "apps/[",
          "apps/]",
          "apps/{site,admin}",
          "apps/site/nested"
        ]
      },
      "pass": true
    },
    {
      "input": "./apps/{site,}",
      "expected": {
        "paths": [
          "./apps/",
          "./apps/site"
        ]
      },
      "actual": {
        "paths": [
          "./apps/",
          "./apps/site"
        ]
      },
      "pass": true
    },
    {
      "input": "apps/{,site}",
      "expected": {
        "paths": [
          "apps/",
          "apps/site"
        ]
      },
      "actual": {
        "paths": [
          "apps/",
          "apps/site"
        ]
      },
      "pass": true
    },
    {
      "input": "apps/{,site}/",
      "expected": {
        "paths": [
          "apps/",
          "apps/site/"
        ]
      },
      "actual": {
        "paths": [
          "apps/",
          "apps/site/"
        ]
      },
      "pass": true
    },
    {
      "input": "apps/{,site}/*",
      "expected": {
        "paths": [
          "apps/${site,admin}",
          "apps/01",
          "apps/02",
          "apps/03",
          "apps/1",
          "apps/2",
          "apps/3",
          "apps/a",
          "apps/admin",
          "apps/link",
          "apps/other",
          "apps/site",
          "apps/site space",
          "apps/Z",
          "apps/[",
          "apps/]",
          "apps/{site,admin}",
          "apps/site/nested"
        ]
      },
      "actual": {
        "paths": [
          "apps/${site,admin}",
          "apps/01",
          "apps/02",
          "apps/03",
          "apps/1",
          "apps/2",
          "apps/3",
          "apps/a",
          "apps/admin",
          "apps/link",
          "apps/other",
          "apps/site",
          "apps/site space",
          "apps/Z",
          "apps/[",
          "apps/]",
          "apps/{site,admin}",
          "apps/site/nested"
        ]
      },
      "pass": true
    },
    {
      "input": "./apps/{,site}",
      "expected": {
        "paths": [
          "./apps/",
          "./apps/site"
        ]
      },
      "actual": {
        "paths": [
          "./apps/",
          "./apps/site"
        ]
      },
      "pass": true
    },
    {
      "input": "apps/{site,site}",
      "expected": {
        "paths": [
          "apps/site"
        ]
      },
      "actual": {
        "paths": [
          "apps/site"
        ]
      },
      "pass": true
    },
    {
      "input": "apps/{site,site}/",
      "expected": {
        "paths": [
          "apps/site/"
        ]
      },
      "actual": {
        "paths": [
          "apps/site/"
        ]
      },
      "pass": true
    },
    {
      "input": "apps/{site,site}/*",
      "expected": {
        "paths": [
          "apps/site/nested"
        ]
      },
      "actual": {
        "paths": [
          "apps/site/nested"
        ]
      },
      "pass": true
    },
    {
      "input": "./apps/{site,site}",
      "expected": {
        "paths": [
          "./apps/site"
        ]
      },
      "actual": {
        "paths": [
          "./apps/site"
        ]
      },
      "pass": true
    },
    {
      "input": "apps/{site}",
      "expected": {
        "paths": []
      },
      "actual": {
        "paths": []
      },
      "pass": true
    },
    {
      "input": "apps/{site}/",
      "expected": {
        "paths": []
      },
      "actual": {
        "paths": []
      },
      "pass": true
    },
    {
      "input": "apps/{site}/*",
      "expected": {
        "paths": []
      },
      "actual": {
        "paths": []
      },
      "pass": true
    },
    {
      "input": "./apps/{site}",
      "expected": {
        "paths": []
      },
      "actual": {
        "paths": []
      },
      "pass": true
    },
    {
      "input": "apps/{}",
      "expected": {
        "paths": []
      },
      "actual": {
        "paths": []
      },
      "pass": true
    },
    {
      "input": "apps/{}/",
      "expected": {
        "paths": []
      },
      "actual": {
        "paths": []
      },
      "pass": true
    },
    {
      "input": "apps/{}/*",
      "expected": {
        "paths": []
      },
      "actual": {
        "paths": []
      },
      "pass": true
    },
    {
      "input": "./apps/{}",
      "expected": {
        "paths": []
      },
      "actual": {
        "paths": []
      },
      "pass": true
    },
    {
      "input": "apps/{{site,admin}}",
      "expected": {
        "paths": []
      },
      "actual": {
        "paths": []
      },
      "pass": true
    },
    {
      "input": "apps/{{site,admin}}/",
      "expected": {
        "paths": []
      },
      "actual": {
        "paths": []
      },
      "pass": true
    },
    {
      "input": "apps/{{site,admin}}/*",
      "expected": {
        "paths": []
      },
      "actual": {
        "paths": []
      },
      "pass": true
    },
    {
      "input": "./apps/{{site,admin}}",
      "expected": {
        "paths": []
      },
      "actual": {
        "paths": []
      },
      "pass": true
    },
    {
      "input": "apps/${site,admin}",
      "expected": {
        "paths": []
      },
      "actual": {
        "paths": []
      },
      "pass": true
    },
    {
      "input": "apps/${site,admin}/",
      "expected": {
        "paths": []
      },
      "actual": {
        "paths": []
      },
      "pass": true
    },
    {
      "input": "apps/${site,admin}/*",
      "expected": {
        "paths": []
      },
      "actual": {
        "paths": []
      },
      "pass": true
    },
    {
      "input": "./apps/${site,admin}",
      "expected": {
        "paths": []
      },
      "actual": {
        "paths": []
      },
      "pass": true
    },
    {
      "input": "apps/\"{site,admin}\"",
      "expected": {
        "paths": [
          "apps/admin",
          "apps/site"
        ]
      },
      "actual": {
        "paths": [
          "apps/admin",
          "apps/site"
        ]
      },
      "pass": true
    },
    {
      "input": "apps/\"{site,admin}\"/",
      "expected": {
        "paths": [
          "apps/admin",
          "apps/site"
        ]
      },
      "actual": {
        "paths": [
          "apps/admin",
          "apps/site"
        ]
      },
      "pass": true
    },
    {
      "input": "apps/\"{site,admin}\"/*",
      "expected": {
        "paths": [
          "apps/site/nested"
        ]
      },
      "actual": {
        "paths": [
          "apps/site/nested"
        ]
      },
      "pass": true
    },
    {
      "input": "./apps/\"{site,admin}\"",
      "expected": {
        "paths": [
          "./apps/admin",
          "./apps/site"
        ]
      },
      "actual": {
        "paths": [
          "./apps/admin",
          "./apps/site"
        ]
      },
      "pass": true
    },
    {
      "input": "apps/'{site,admin}'",
      "expected": {
        "paths": [
          "apps/admin",
          "apps/site"
        ]
      },
      "actual": {
        "paths": [
          "apps/admin",
          "apps/site"
        ]
      },
      "pass": true
    },
    {
      "input": "apps/'{site,admin}'/",
      "expected": {
        "paths": [
          "apps/admin",
          "apps/site"
        ]
      },
      "actual": {
        "paths": [
          "apps/admin",
          "apps/site"
        ]
      },
      "pass": true
    },
    {
      "input": "apps/'{site,admin}'/*",
      "expected": {
        "paths": [
          "apps/site/nested"
        ]
      },
      "actual": {
        "paths": [
          "apps/site/nested"
        ]
      },
      "pass": true
    },
    {
      "input": "./apps/'{site,admin}'",
      "expected": {
        "paths": [
          "./apps/admin",
          "./apps/site"
        ]
      },
      "actual": {
        "paths": [
          "./apps/admin",
          "./apps/site"
        ]
      },
      "pass": true
    },
    {
      "input": "apps/`{site,admin}`",
      "expected": {
        "paths": [
          "apps/admin",
          "apps/site"
        ]
      },
      "actual": {
        "paths": [
          "apps/admin",
          "apps/site"
        ]
      },
      "pass": true
    },
    {
      "input": "apps/`{site,admin}`/",
      "expected": {
        "paths": [
          "apps/admin",
          "apps/site"
        ]
      },
      "actual": {
        "paths": [
          "apps/admin",
          "apps/site"
        ]
      },
      "pass": true
    },
    {
      "input": "apps/`{site,admin}`/*",
      "expected": {
        "paths": [
          "apps/site/nested"
        ]
      },
      "actual": {
        "paths": [
          "apps/site/nested"
        ]
      },
      "pass": true
    },
    {
      "input": "./apps/`{site,admin}`",
      "expected": {
        "paths": [
          "./apps/admin",
          "./apps/site"
        ]
      },
      "actual": {
        "paths": [
          "./apps/admin",
          "./apps/site"
        ]
      },
      "pass": true
    },
    {
      "input": "apps/{1..3}",
      "expected": {
        "paths": [
          "apps/1",
          "apps/2",
          "apps/3"
        ]
      },
      "actual": {
        "paths": [
          "apps/1",
          "apps/2",
          "apps/3"
        ]
      },
      "pass": true
    },
    {
      "input": "apps/{1..3}/",
      "expected": {
        "paths": [
          "apps/1/",
          "apps/2/",
          "apps/3/"
        ]
      },
      "actual": {
        "paths": [
          "apps/1/",
          "apps/2/",
          "apps/3/"
        ]
      },
      "pass": true
    },
    {
      "input": "apps/{1..3}/*",
      "expected": {
        "paths": []
      },
      "actual": {
        "paths": []
      },
      "pass": true
    },
    {
      "input": "./apps/{1..3}",
      "expected": {
        "paths": [
          "./apps/1",
          "./apps/2",
          "./apps/3"
        ]
      },
      "actual": {
        "paths": [
          "./apps/1",
          "./apps/2",
          "./apps/3"
        ]
      },
      "pass": true
    },
    {
      "input": "apps/{01..03}",
      "expected": {
        "paths": [
          "apps/01",
          "apps/02",
          "apps/03"
        ]
      },
      "actual": {
        "paths": [
          "apps/01",
          "apps/02",
          "apps/03"
        ]
      },
      "pass": true
    },
    {
      "input": "apps/{01..03}/",
      "expected": {
        "paths": [
          "apps/01/",
          "apps/02/",
          "apps/03/"
        ]
      },
      "actual": {
        "paths": [
          "apps/01/",
          "apps/02/",
          "apps/03/"
        ]
      },
      "pass": true
    },
    {
      "input": "apps/{01..03}/*",
      "expected": {
        "paths": []
      },
      "actual": {
        "paths": []
      },
      "pass": true
    },
    {
      "input": "./apps/{01..03}",
      "expected": {
        "paths": [
          "./apps/01",
          "./apps/02",
          "./apps/03"
        ]
      },
      "actual": {
        "paths": [
          "./apps/01",
          "./apps/02",
          "./apps/03"
        ]
      },
      "pass": true
    },
    {
      "input": "apps/{3..1}",
      "expected": {
        "paths": [
          "apps/3",
          "apps/2",
          "apps/1"
        ]
      },
      "actual": {
        "paths": [
          "apps/3",
          "apps/2",
          "apps/1"
        ]
      },
      "pass": true
    },
    {
      "input": "apps/{3..1}/",
      "expected": {
        "paths": [
          "apps/3/",
          "apps/2/",
          "apps/1/"
        ]
      },
      "actual": {
        "paths": [
          "apps/3/",
          "apps/2/",
          "apps/1/"
        ]
      },
      "pass": true
    },
    {
      "input": "apps/{3..1}/*",
      "expected": {
        "paths": []
      },
      "actual": {
        "paths": []
      },
      "pass": true
    },
    {
      "input": "./apps/{3..1}",
      "expected": {
        "paths": [
          "./apps/3",
          "./apps/2",
          "./apps/1"
        ]
      },
      "actual": {
        "paths": [
          "./apps/3",
          "./apps/2",
          "./apps/1"
        ]
      },
      "pass": true
    },
    {
      "input": "apps/{1..3..2}",
      "expected": {
        "paths": [
          "apps/1",
          "apps/3"
        ]
      },
      "actual": {
        "paths": [
          "apps/1",
          "apps/3"
        ]
      },
      "pass": true
    },
    {
      "input": "apps/{1..3..2}/",
      "expected": {
        "paths": [
          "apps/1/",
          "apps/3/"
        ]
      },
      "actual": {
        "paths": [
          "apps/1/",
          "apps/3/"
        ]
      },
      "pass": true
    },
    {
      "input": "apps/{1..3..2}/*",
      "expected": {
        "paths": []
      },
      "actual": {
        "paths": []
      },
      "pass": true
    },
    {
      "input": "./apps/{1..3..2}",
      "expected": {
        "paths": [
          "./apps/1",
          "./apps/3"
        ]
      },
      "actual": {
        "paths": [
          "./apps/1",
          "./apps/3"
        ]
      },
      "pass": true
    },
    {
      "input": "apps/{-2..2}",
      "expected": {
        "paths": [
          "apps/1",
          "apps/2"
        ]
      },
      "actual": {
        "paths": [
          "apps/1",
          "apps/2"
        ]
      },
      "pass": true
    },
    {
      "input": "apps/{-2..2}/",
      "expected": {
        "paths": [
          "apps/1/",
          "apps/2/"
        ]
      },
      "actual": {
        "paths": [
          "apps/1/",
          "apps/2/"
        ]
      },
      "pass": true
    },
    {
      "input": "apps/{-2..2}/*",
      "expected": {
        "paths": []
      },
      "actual": {
        "paths": []
      },
      "pass": true
    },
    {
      "input": "./apps/{-2..2}",
      "expected": {
        "paths": [
          "./apps/1",
          "./apps/2"
        ]
      },
      "actual": {
        "paths": [
          "./apps/1",
          "./apps/2"
        ]
      },
      "pass": true
    },
    {
      "input": "apps/{a..Z}",
      "expected": {
        "paths": [
          "apps/a",
          "apps/]",
          "apps/[",
          "apps/Z"
        ]
      },
      "actual": {
        "paths": [
          "apps/a",
          "apps/]",
          "apps/[",
          "apps/Z"
        ]
      },
      "pass": true
    },
    {
      "input": "apps/{a..Z}/",
      "expected": {
        "paths": [
          "apps/a/",
          "apps/]/",
          "apps/[/",
          "apps/Z/"
        ]
      },
      "actual": {
        "paths": [
          "apps/a/",
          "apps/]/",
          "apps/[/",
          "apps/Z/"
        ]
      },
      "pass": true
    },
    {
      "input": "apps/{a..Z}/*",
      "expected": {
        "paths": [
          "apps/]/nested"
        ]
      },
      "actual": {
        "paths": [
          "apps/]/nested"
        ]
      },
      "pass": true
    },
    {
      "input": "./apps/{a..Z}",
      "expected": {
        "paths": [
          "./apps/a",
          "./apps/]",
          "./apps/[",
          "./apps/Z"
        ]
      },
      "actual": {
        "paths": [
          "./apps/a",
          "./apps/]",
          "./apps/[",
          "./apps/Z"
        ]
      },
      "pass": true
    },
    {
      "input": "apps/{Z..a}",
      "expected": {
        "paths": [
          "apps/Z",
          "apps/[",
          "apps/]",
          "apps/a"
        ]
      },
      "actual": {
        "paths": [
          "apps/Z",
          "apps/[",
          "apps/]",
          "apps/a"
        ]
      },
      "pass": true
    },
    {
      "input": "apps/{Z..a}/",
      "expected": {
        "paths": [
          "apps/Z/",
          "apps/[/",
          "apps/]/",
          "apps/a/"
        ]
      },
      "actual": {
        "paths": [
          "apps/Z/",
          "apps/[/",
          "apps/]/",
          "apps/a/"
        ]
      },
      "pass": true
    },
    {
      "input": "apps/{Z..a}/*",
      "expected": {
        "paths": [
          "apps/]/nested"
        ]
      },
      "actual": {
        "paths": [
          "apps/]/nested"
        ]
      },
      "pass": true
    },
    {
      "input": "./apps/{Z..a}",
      "expected": {
        "paths": [
          "./apps/Z",
          "./apps/[",
          "./apps/]",
          "./apps/a"
        ]
      },
      "actual": {
        "paths": [
          "./apps/Z",
          "./apps/[",
          "./apps/]",
          "./apps/a"
        ]
      },
      "pass": true
    },
    {
      "input": "apps/{a..e..2}",
      "expected": {
        "paths": [
          "apps/a"
        ]
      },
      "actual": {
        "paths": [
          "apps/a"
        ]
      },
      "pass": true
    },
    {
      "input": "apps/{a..e..2}/",
      "expected": {
        "paths": [
          "apps/a/"
        ]
      },
      "actual": {
        "paths": [
          "apps/a/"
        ]
      },
      "pass": true
    },
    {
      "input": "apps/{a..e..2}/*",
      "expected": {
        "paths": []
      },
      "actual": {
        "paths": []
      },
      "pass": true
    },
    {
      "input": "./apps/{a..e..2}",
      "expected": {
        "paths": [
          "./apps/a"
        ]
      },
      "actual": {
        "paths": [
          "./apps/a"
        ]
      },
      "pass": true
    },
    {
      "input": "apps/{1..1}",
      "expected": {
        "paths": [
          "apps/1"
        ]
      },
      "actual": {
        "paths": [
          "apps/1"
        ]
      },
      "pass": true
    },
    {
      "input": "apps/{1..1}/",
      "expected": {
        "paths": [
          "apps/1/"
        ]
      },
      "actual": {
        "paths": [
          "apps/1/"
        ]
      },
      "pass": true
    },
    {
      "input": "apps/{1..1}/*",
      "expected": {
        "paths": []
      },
      "actual": {
        "paths": []
      },
      "pass": true
    },
    {
      "input": "./apps/{1..1}",
      "expected": {
        "paths": [
          "./apps/1"
        ]
      },
      "actual": {
        "paths": [
          "./apps/1"
        ]
      },
      "pass": true
    },
    {
      "input": "apps/{1..3..0}",
      "expected": {
        "paths": [
          "apps/1",
          "apps/2",
          "apps/3"
        ]
      },
      "actual": {
        "paths": [
          "apps/1",
          "apps/2",
          "apps/3"
        ]
      },
      "pass": true
    },
    {
      "input": "apps/{1..3..0}/",
      "expected": {
        "paths": [
          "apps/1/",
          "apps/2/",
          "apps/3/"
        ]
      },
      "actual": {
        "paths": [
          "apps/1/",
          "apps/2/",
          "apps/3/"
        ]
      },
      "pass": true
    },
    {
      "input": "apps/{1..3..0}/*",
      "expected": {
        "paths": []
      },
      "actual": {
        "paths": []
      },
      "pass": true
    },
    {
      "input": "./apps/{1..3..0}",
      "expected": {
        "paths": [
          "./apps/1",
          "./apps/2",
          "./apps/3"
        ]
      },
      "actual": {
        "paths": [
          "./apps/1",
          "./apps/2",
          "./apps/3"
        ]
      },
      "pass": true
    },
    {
      "input": "apps/{1..1000}",
      "expected": {
        "paths": [
          "apps/1",
          "apps/2",
          "apps/3"
        ]
      },
      "actual": {
        "paths": [
          "apps/1",
          "apps/2",
          "apps/3"
        ]
      },
      "pass": true
    },
    {
      "input": "apps/{1..1000}/",
      "expected": {
        "paths": [
          "apps/1/",
          "apps/2/",
          "apps/3/"
        ]
      },
      "actual": {
        "paths": [
          "apps/1/",
          "apps/2/",
          "apps/3/"
        ]
      },
      "pass": true
    },
    {
      "input": "apps/{1..1000}/*",
      "expected": {
        "paths": []
      },
      "actual": {
        "paths": []
      },
      "pass": true
    },
    {
      "input": "./apps/{1..1000}",
      "expected": {
        "paths": [
          "./apps/1",
          "./apps/2",
          "./apps/3"
        ]
      },
      "actual": {
        "paths": [
          "./apps/1",
          "./apps/2",
          "./apps/3"
        ]
      },
      "pass": true
    },
    {
      "input": "apps/{1..1001}",
      "expected": {
        "error": "RangeError",
        "message": "expanded array length exceeds range limit. Use options.rangeLimit to increase or disable the limit."
      },
      "actual": {
        "error": "RangeError",
        "message": "expanded array length exceeds range limit. Use options.rangeLimit to increase or disable the limit."
      },
      "pass": true
    },
    {
      "input": "apps/{1..1001}/",
      "expected": {
        "error": "RangeError",
        "message": "expanded array length exceeds range limit. Use options.rangeLimit to increase or disable the limit."
      },
      "actual": {
        "error": "RangeError",
        "message": "expanded array length exceeds range limit. Use options.rangeLimit to increase or disable the limit."
      },
      "pass": true
    },
    {
      "input": "apps/{1..1001}/*",
      "expected": {
        "error": "RangeError",
        "message": "expanded array length exceeds range limit. Use options.rangeLimit to increase or disable the limit."
      },
      "actual": {
        "error": "RangeError",
        "message": "expanded array length exceeds range limit. Use options.rangeLimit to increase or disable the limit."
      },
      "pass": true
    },
    {
      "input": "./apps/{1..1001}",
      "expected": {
        "error": "RangeError",
        "message": "expanded array length exceeds range limit. Use options.rangeLimit to increase or disable the limit."
      },
      "actual": {
        "error": "RangeError",
        "message": "expanded array length exceeds range limit. Use options.rangeLimit to increase or disable the limit."
      },
      "pass": true
    },
    {
      "input": "apps/{1001..1}",
      "expected": {
        "paths": [
          "apps/3",
          "apps/2",
          "apps/1"
        ]
      },
      "actual": {
        "paths": [
          "apps/3",
          "apps/2",
          "apps/1"
        ]
      },
      "pass": true
    },
    {
      "input": "apps/{1001..1}/",
      "expected": {
        "paths": [
          "apps/3/",
          "apps/2/",
          "apps/1/"
        ]
      },
      "actual": {
        "paths": [
          "apps/3/",
          "apps/2/",
          "apps/1/"
        ]
      },
      "pass": true
    },
    {
      "input": "apps/{1001..1}/*",
      "expected": {
        "paths": []
      },
      "actual": {
        "paths": []
      },
      "pass": true
    },
    {
      "input": "./apps/{1001..1}",
      "expected": {
        "paths": [
          "./apps/3",
          "./apps/2",
          "./apps/1"
        ]
      },
      "actual": {
        "paths": [
          "./apps/3",
          "./apps/2",
          "./apps/1"
        ]
      },
      "pass": true
    },
    {
      "input": "apps/{0..1000..2}",
      "expected": {
        "paths": [
          "apps/2"
        ]
      },
      "actual": {
        "paths": [
          "apps/2"
        ]
      },
      "pass": true
    },
    {
      "input": "apps/{0..1000..2}/",
      "expected": {
        "paths": [
          "apps/2/"
        ]
      },
      "actual": {
        "paths": [
          "apps/2/"
        ]
      },
      "pass": true
    },
    {
      "input": "apps/{0..1000..2}/*",
      "expected": {
        "paths": []
      },
      "actual": {
        "paths": []
      },
      "pass": true
    },
    {
      "input": "./apps/{0..1000..2}",
      "expected": {
        "paths": [
          "./apps/2"
        ]
      },
      "actual": {
        "paths": [
          "./apps/2"
        ]
      },
      "pass": true
    },
    {
      "input": "apps/{1..1001..2}",
      "expected": {
        "paths": [
          "apps/1",
          "apps/3"
        ]
      },
      "actual": {
        "paths": [
          "apps/1",
          "apps/3"
        ]
      },
      "pass": true
    },
    {
      "input": "apps/{1..1001..2}/",
      "expected": {
        "paths": [
          "apps/1/",
          "apps/3/"
        ]
      },
      "actual": {
        "paths": [
          "apps/1/",
          "apps/3/"
        ]
      },
      "pass": true
    },
    {
      "input": "apps/{1..1001..2}/*",
      "expected": {
        "paths": []
      },
      "actual": {
        "paths": []
      },
      "pass": true
    },
    {
      "input": "./apps/{1..1001..2}",
      "expected": {
        "paths": [
          "./apps/1",
          "./apps/3"
        ]
      },
      "actual": {
        "paths": [
          "./apps/1",
          "./apps/3"
        ]
      },
      "pass": true
    },
    {
      "input": "apps/{site,\"admin\"}",
      "expected": {
        "paths": [
          "apps/site",
          "apps/admin"
        ]
      },
      "actual": {
        "paths": [
          "apps/site",
          "apps/admin"
        ]
      },
      "pass": true
    },
    {
      "input": "apps/{site,\"admin\"}/",
      "expected": {
        "paths": [
          "apps/site/",
          "apps/admin/"
        ]
      },
      "actual": {
        "paths": [
          "apps/site/",
          "apps/admin/"
        ]
      },
      "pass": true
    },
    {
      "input": "apps/{site,\"admin\"}/*",
      "expected": {
        "paths": [
          "apps/site/nested"
        ]
      },
      "actual": {
        "paths": [
          "apps/site/nested"
        ]
      },
      "pass": true
    },
    {
      "input": "./apps/{site,\"admin\"}",
      "expected": {
        "paths": [
          "./apps/site",
          "./apps/admin"
        ]
      },
      "actual": {
        "paths": [
          "./apps/site",
          "./apps/admin"
        ]
      },
      "pass": true
    },
    {
      "input": "apps/{site,\"admin,other\"}",
      "expected": {
        "paths": [
          "apps/site"
        ]
      },
      "actual": {
        "paths": [
          "apps/site"
        ]
      },
      "pass": true
    },
    {
      "input": "apps/{site,\"admin,other\"}/",
      "expected": {
        "paths": [
          "apps/site/"
        ]
      },
      "actual": {
        "paths": [
          "apps/site/"
        ]
      },
      "pass": true
    },
    {
      "input": "apps/{site,\"admin,other\"}/*",
      "expected": {
        "paths": [
          "apps/site/nested"
        ]
      },
      "actual": {
        "paths": [
          "apps/site/nested"
        ]
      },
      "pass": true
    },
    {
      "input": "./apps/{site,\"admin,other\"}",
      "expected": {
        "paths": [
          "./apps/site"
        ]
      },
      "actual": {
        "paths": [
          "./apps/site"
        ]
      },
      "pass": true
    },
    {
      "input": "apps/{site,\"{admin,other}\"}",
      "expected": {
        "paths": [
          "apps/site",
          "apps/admin",
          "apps/other"
        ]
      },
      "actual": {
        "paths": [
          "apps/site",
          "apps/admin",
          "apps/other"
        ]
      },
      "pass": true
    },
    {
      "input": "apps/{site,\"{admin,other}\"}/",
      "expected": {
        "paths": [
          "apps/site/",
          "apps/admin",
          "apps/other"
        ]
      },
      "actual": {
        "paths": [
          "apps/site/",
          "apps/admin",
          "apps/other"
        ]
      },
      "pass": true
    },
    {
      "input": "apps/{site,\"{admin,other}\"}/*",
      "expected": {
        "paths": [
          "apps/site/nested"
        ]
      },
      "actual": {
        "paths": [
          "apps/site/nested"
        ]
      },
      "pass": true
    },
    {
      "input": "./apps/{site,\"{admin,other}\"}",
      "expected": {
        "paths": [
          "./apps/site",
          "./apps/admin",
          "./apps/other"
        ]
      },
      "actual": {
        "paths": [
          "./apps/site",
          "./apps/admin",
          "./apps/other"
        ]
      },
      "pass": true
    },
    {
      "input": "apps/{site,'admin'}",
      "expected": {
        "paths": [
          "apps/site",
          "apps/admin"
        ]
      },
      "actual": {
        "paths": [
          "apps/site",
          "apps/admin"
        ]
      },
      "pass": true
    },
    {
      "input": "apps/{site,'admin'}/",
      "expected": {
        "paths": [
          "apps/site/",
          "apps/admin/"
        ]
      },
      "actual": {
        "paths": [
          "apps/site/",
          "apps/admin/"
        ]
      },
      "pass": true
    },
    {
      "input": "apps/{site,'admin'}/*",
      "expected": {
        "paths": [
          "apps/site/nested"
        ]
      },
      "actual": {
        "paths": [
          "apps/site/nested"
        ]
      },
      "pass": true
    },
    {
      "input": "./apps/{site,'admin'}",
      "expected": {
        "paths": [
          "./apps/site",
          "./apps/admin"
        ]
      },
      "actual": {
        "paths": [
          "./apps/site",
          "./apps/admin"
        ]
      },
      "pass": true
    },
    {
      "input": "apps/{site,admin",
      "expected": {
        "paths": []
      },
      "actual": {
        "paths": []
      },
      "pass": true
    },
    {
      "input": "apps/{site,admin/",
      "expected": {
        "paths": []
      },
      "actual": {
        "paths": []
      },
      "pass": true
    },
    {
      "input": "apps/{site,admin/*",
      "expected": {
        "paths": []
      },
      "actual": {
        "paths": []
      },
      "pass": true
    },
    {
      "input": "./apps/{site,admin",
      "expected": {
        "paths": []
      },
      "actual": {
        "paths": []
      },
      "pass": true
    },
    {
      "input": "apps/site,admin}",
      "expected": {
        "paths": []
      },
      "actual": {
        "paths": []
      },
      "pass": true
    },
    {
      "input": "apps/site,admin}/",
      "expected": {
        "paths": []
      },
      "actual": {
        "paths": []
      },
      "pass": true
    },
    {
      "input": "apps/site,admin}/*",
      "expected": {
        "paths": []
      },
      "actual": {
        "paths": []
      },
      "pass": true
    },
    {
      "input": "./apps/site,admin}",
      "expected": {
        "paths": []
      },
      "actual": {
        "paths": []
      },
      "pass": true
    },
    {
      "input": "apps/{1...3}",
      "expected": {
        "paths": [
          "apps/1",
          "apps/3"
        ]
      },
      "actual": {
        "paths": [
          "apps/1",
          "apps/3"
        ]
      },
      "pass": true
    },
    {
      "input": "apps/{1...3}/",
      "expected": {
        "paths": [
          "apps/1",
          "apps/3"
        ]
      },
      "actual": {
        "paths": [
          "apps/1",
          "apps/3"
        ]
      },
      "pass": true
    },
    {
      "input": "apps/{1...3}/*",
      "expected": {
        "paths": []
      },
      "actual": {
        "paths": []
      },
      "pass": true
    },
    {
      "input": "./apps/{1...3}",
      "expected": {
        "paths": [
          "./apps/1",
          "./apps/3"
        ]
      },
      "actual": {
        "paths": [
          "./apps/1",
          "./apps/3"
        ]
      },
      "pass": true
    },
    {
      "input": "apps/{1..x}",
      "expected": {
        "paths": [
          "apps/1",
          "apps/2",
          "apps/3",
          "apps/A",
          "apps/Z",
          "apps/[",
          "apps/]",
          "apps/a"
        ]
      },
      "actual": {
        "paths": [
          "apps/1",
          "apps/2",
          "apps/3",
          "apps/A",
          "apps/Z",
          "apps/[",
          "apps/]",
          "apps/a"
        ]
      },
      "pass": true
    },
    {
      "input": "apps/{1..x}/",
      "expected": {
        "paths": [
          "apps/1/",
          "apps/2/",
          "apps/3/",
          "apps/A/",
          "apps/Z/",
          "apps/[/",
          "apps/]/",
          "apps/a/"
        ]
      },
      "actual": {
        "paths": [
          "apps/1/",
          "apps/2/",
          "apps/3/",
          "apps/A/",
          "apps/Z/",
          "apps/[/",
          "apps/]/",
          "apps/a/"
        ]
      },
      "pass": true
    },
    {
      "input": "apps/{1..x}/*",
      "expected": {
        "paths": [
          "apps/]/nested"
        ]
      },
      "actual": {
        "paths": [
          "apps/]/nested"
        ]
      },
      "pass": true
    },
    {
      "input": "./apps/{1..x}",
      "expected": {
        "paths": [
          "./apps/1",
          "./apps/2",
          "./apps/3",
          "./apps/A",
          "./apps/Z",
          "./apps/[",
          "./apps/]",
          "./apps/a"
        ]
      },
      "actual": {
        "paths": [
          "./apps/1",
          "./apps/2",
          "./apps/3",
          "./apps/A",
          "./apps/Z",
          "./apps/[",
          "./apps/]",
          "./apps/a"
        ]
      },
      "pass": true
    },
    {
      "input": "apps/{x..3}",
      "expected": {
        "paths": [
          "apps/a",
          "apps/]",
          "apps/[",
          "apps/Z",
          "apps/A",
          "apps/3",
          "apps/1",
          "apps/2"
        ]
      },
      "actual": {
        "paths": [
          "apps/a",
          "apps/]",
          "apps/[",
          "apps/Z",
          "apps/A",
          "apps/3",
          "apps/1",
          "apps/2"
        ]
      },
      "pass": true
    },
    {
      "input": "apps/{x..3}/",
      "expected": {
        "paths": [
          "apps/a/",
          "apps/]/",
          "apps/[/",
          "apps/Z/",
          "apps/A/",
          "apps/3/"
        ]
      },
      "actual": {
        "paths": [
          "apps/a/",
          "apps/]/",
          "apps/[/",
          "apps/Z/",
          "apps/A/",
          "apps/3/"
        ]
      },
      "pass": true
    },
    {
      "input": "apps/{x..3}/*",
      "expected": {
        "paths": [
          "apps/]/nested"
        ]
      },
      "actual": {
        "paths": [
          "apps/]/nested"
        ]
      },
      "pass": true
    },
    {
      "input": "./apps/{x..3}",
      "expected": {
        "paths": [
          "./apps/a",
          "./apps/]",
          "./apps/[",
          "./apps/Z",
          "./apps/A",
          "./apps/3",
          "./apps/1",
          "./apps/2"
        ]
      },
      "actual": {
        "paths": [
          "./apps/a",
          "./apps/]",
          "./apps/[",
          "./apps/Z",
          "./apps/A",
          "./apps/3",
          "./apps/1",
          "./apps/2"
        ]
      },
      "pass": true
    },
    {
      "input": "apps/\\{site,admin\\}",
      "expected": {
        "paths": [
          "apps/site",
          "apps/admin/"
        ]
      },
      "actual": {
        "paths": [
          "apps/site",
          "apps/admin/"
        ]
      },
      "pass": true
    },
    {
      "input": "apps/\\{site,admin\\}/",
      "expected": {
        "paths": [
          "apps/site/",
          "apps/admin/"
        ]
      },
      "actual": {
        "paths": [
          "apps/site/",
          "apps/admin/"
        ]
      },
      "pass": true
    },
    {
      "input": "apps/\\{site,admin\\}/*",
      "expected": {
        "paths": [
          "apps/site/nested"
        ]
      },
      "actual": {
        "paths": [
          "apps/site/nested"
        ]
      },
      "pass": true
    },
    {
      "input": "./apps/\\{site,admin\\}",
      "expected": {
        "paths": [
          "./apps/site",
          "./apps/admin/"
        ]
      },
      "actual": {
        "paths": [
          "./apps/site",
          "./apps/admin/"
        ]
      },
      "pass": true
    },
    {
      "input": "apps/[{site,admin}]",
      "expected": {
        "paths": [
          "apps/a"
        ]
      },
      "actual": {
        "paths": [
          "apps/a"
        ]
      },
      "pass": true
    },
    {
      "input": "apps/[{site,admin}]/",
      "expected": {
        "paths": [
          "apps/a"
        ]
      },
      "actual": {
        "paths": [
          "apps/a"
        ]
      },
      "pass": true
    },
    {
      "input": "apps/[{site,admin}]/*",
      "expected": {
        "paths": []
      },
      "actual": {
        "paths": []
      },
      "pass": true
    },
    {
      "input": "./apps/[{site,admin}]",
      "expected": {
        "paths": [
          "./apps/a"
        ]
      },
      "actual": {
        "paths": [
          "./apps/a"
        ]
      },
      "pass": true
    },
    {
      "input": "apps/[{1..3}]",
      "expected": {
        "paths": [
          "apps/1",
          "apps/3"
        ]
      },
      "actual": {
        "paths": [
          "apps/1",
          "apps/3"
        ]
      },
      "pass": true
    },
    {
      "input": "apps/[{1..3}]/",
      "expected": {
        "paths": [
          "apps/1",
          "apps/3"
        ]
      },
      "actual": {
        "paths": [
          "apps/1",
          "apps/3"
        ]
      },
      "pass": true
    },
    {
      "input": "apps/[{1..3}]/*",
      "expected": {
        "paths": []
      },
      "actual": {
        "paths": []
      },
      "pass": true
    },
    {
      "input": "./apps/[{1..3}]",
      "expected": {
        "paths": [
          "./apps/1",
          "./apps/3"
        ]
      },
      "actual": {
        "paths": [
          "./apps/1",
          "./apps/3"
        ]
      },
      "pass": true
    },
    {
      "input": "apps/\\\"{site,admin}\\\"",
      "expected": {
        "paths": [
          "apps/admin",
          "apps/site"
        ]
      },
      "actual": {
        "paths": [
          "apps/admin",
          "apps/site"
        ]
      },
      "pass": true
    },
    {
      "input": "apps/\\\"{site,admin}\\\"/",
      "expected": {
        "paths": [
          "apps/admin",
          "apps/site"
        ]
      },
      "actual": {
        "paths": [
          "apps/admin",
          "apps/site"
        ]
      },
      "pass": true
    },
    {
      "input": "apps/\\\"{site,admin}\\\"/*",
      "expected": {
        "paths": [
          "apps/site/nested"
        ]
      },
      "actual": {
        "paths": [
          "apps/site/nested"
        ]
      },
      "pass": true
    },
    {
      "input": "./apps/\\\"{site,admin}\\\"",
      "expected": {
        "paths": [
          "./apps/admin",
          "./apps/site"
        ]
      },
      "actual": {
        "paths": [
          "./apps/admin",
          "./apps/site"
        ]
      },
      "pass": true
    },
    {
      "input": "apps/{site,admin}\\",
      "expected": {
        "paths": [
          "apps/site/",
          "apps/admin/"
        ]
      },
      "actual": {
        "paths": [
          "apps/site/",
          "apps/admin/"
        ]
      },
      "pass": true
    },
    {
      "input": "apps/{site,admin}\\/",
      "expected": {
        "paths": [
          "apps/site/",
          "apps/admin/"
        ]
      },
      "actual": {
        "paths": [
          "apps/site/",
          "apps/admin/"
        ]
      },
      "pass": true
    },
    {
      "input": "apps/{site,admin}\\/*",
      "expected": {
        "paths": [
          "apps/site/nested"
        ]
      },
      "actual": {
        "paths": [
          "apps/site/nested"
        ]
      },
      "pass": true
    },
    {
      "input": "./apps/{site,admin}\\",
      "expected": {
        "paths": [
          "./apps/site/",
          "./apps/admin/"
        ]
      },
      "actual": {
        "paths": [
          "./apps/site/",
          "./apps/admin/"
        ]
      },
      "pass": true
    },
    {
      "input": "apps/{__responseos_literal_0__,site}",
      "expected": {
        "paths": [
          "apps/site"
        ]
      },
      "actual": {
        "paths": [
          "apps/site"
        ]
      },
      "pass": true
    },
    {
      "input": "apps/{__responseos_literal_0__,site}/",
      "expected": {
        "paths": [
          "apps/site/"
        ]
      },
      "actual": {
        "paths": [
          "apps/site/"
        ]
      },
      "pass": true
    },
    {
      "input": "apps/{__responseos_literal_0__,site}/*",
      "expected": {
        "paths": [
          "apps/site/nested"
        ]
      },
      "actual": {
        "paths": [
          "apps/site/nested"
        ]
      },
      "pass": true
    },
    {
      "input": "./apps/{__responseos_literal_0__,site}",
      "expected": {
        "paths": [
          "./apps/site"
        ]
      },
      "actual": {
        "paths": [
          "./apps/site"
        ]
      },
      "pass": true
    },
    {
      "input": "apps/{site,admin}{1..3}",
      "expected": {
        "paths": []
      },
      "actual": {
        "paths": []
      },
      "pass": true
    },
    {
      "input": "apps/{site,admin}{1..3}/",
      "expected": {
        "paths": []
      },
      "actual": {
        "paths": []
      },
      "pass": true
    },
    {
      "input": "apps/{site,admin}{1..3}/*",
      "expected": {
        "paths": []
      },
      "actual": {
        "paths": []
      },
      "pass": true
    },
    {
      "input": "./apps/{site,admin}{1..3}",
      "expected": {
        "paths": []
      },
      "actual": {
        "paths": []
      },
      "pass": true
    },
    {
      "input": "apps/{,site}/{,admin}",
      "expected": {
        "paths": [
          "apps/",
          "apps/admin",
          "apps/site/"
        ]
      },
      "actual": {
        "paths": [
          "apps/",
          "apps/admin",
          "apps/site/"
        ]
      },
      "pass": true
    },
    {
      "input": "apps/{,site}/{,admin}/",
      "expected": {
        "paths": [
          "apps/",
          "apps/site/",
          "apps/admin/"
        ]
      },
      "actual": {
        "paths": [
          "apps/",
          "apps/site/",
          "apps/admin/"
        ]
      },
      "pass": true
    },
    {
      "input": "apps/{,site}/{,admin}/*",
      "expected": {
        "paths": [
          "apps/${site,admin}",
          "apps/01",
          "apps/02",
          "apps/03",
          "apps/1",
          "apps/2",
          "apps/3",
          "apps/a",
          "apps/admin",
          "apps/link",
          "apps/other",
          "apps/site",
          "apps/site space",
          "apps/Z",
          "apps/[",
          "apps/]",
          "apps/{site,admin}",
          "apps/site/nested"
        ]
      },
      "actual": {
        "paths": [
          "apps/${site,admin}",
          "apps/01",
          "apps/02",
          "apps/03",
          "apps/1",
          "apps/2",
          "apps/3",
          "apps/a",
          "apps/admin",
          "apps/link",
          "apps/other",
          "apps/site",
          "apps/site space",
          "apps/Z",
          "apps/[",
          "apps/]",
          "apps/{site,admin}",
          "apps/site/nested"
        ]
      },
      "pass": true
    },
    {
      "input": "./apps/{,site}/{,admin}",
      "expected": {
        "paths": [
          "./apps/",
          "./apps/admin",
          "./apps/site/"
        ]
      },
      "actual": {
        "paths": [
          "./apps/",
          "./apps/admin",
          "./apps/site/"
        ]
      },
      "pass": true
    },
    {
      "input": "apps/{site,{admin,other}}",
      "expected": {
        "paths": [
          "apps/site",
          "apps/admin",
          "apps/other"
        ]
      },
      "actual": {
        "paths": [
          "apps/site",
          "apps/admin",
          "apps/other"
        ]
      },
      "pass": true
    },
    {
      "input": "apps/{site,{admin,other}}/",
      "expected": {
        "paths": [
          "apps/site/",
          "apps/admin/",
          "apps/other/"
        ]
      },
      "actual": {
        "paths": [
          "apps/site/",
          "apps/admin/",
          "apps/other/"
        ]
      },
      "pass": true
    },
    {
      "input": "apps/{site,{admin,other}}/*",
      "expected": {
        "paths": [
          "apps/site/nested"
        ]
      },
      "actual": {
        "paths": [
          "apps/site/nested"
        ]
      },
      "pass": true
    },
    {
      "input": "./apps/{site,{admin,other}}",
      "expected": {
        "paths": [
          "./apps/site",
          "./apps/admin",
          "./apps/other"
        ]
      },
      "actual": {
        "paths": [
          "./apps/site",
          "./apps/admin",
          "./apps/other"
        ]
      },
      "pass": true
    },
    {
      "input": "apps/{site,{admin,\"other\"}}",
      "expected": {
        "paths": [
          "apps/site",
          "apps/admin",
          "apps/other"
        ]
      },
      "actual": {
        "paths": [
          "apps/site",
          "apps/admin",
          "apps/other"
        ]
      },
      "pass": true
    },
    {
      "input": "apps/{site,{admin,\"other\"}}/",
      "expected": {
        "paths": [
          "apps/site/",
          "apps/admin/",
          "apps/other/"
        ]
      },
      "actual": {
        "paths": [
          "apps/site/",
          "apps/admin/",
          "apps/other/"
        ]
      },
      "pass": true
    },
    {
      "input": "apps/{site,{admin,\"other\"}}/*",
      "expected": {
        "paths": [
          "apps/site/nested"
        ]
      },
      "actual": {
        "paths": [
          "apps/site/nested"
        ]
      },
      "pass": true
    },
    {
      "input": "./apps/{site,{admin,\"other\"}}",
      "expected": {
        "paths": [
          "./apps/site",
          "./apps/admin",
          "./apps/other"
        ]
      },
      "actual": {
        "paths": [
          "./apps/site",
          "./apps/admin",
          "./apps/other"
        ]
      },
      "pass": true
    },
    {
      "input": "apps/\"{1..1001}\"",
      "expected": {
        "paths": [
          "apps/1"
        ]
      },
      "actual": {
        "paths": [
          "apps/1"
        ]
      },
      "pass": true
    },
    {
      "input": "apps/\"{1..1001}\"/",
      "expected": {
        "paths": [
          "apps/1"
        ]
      },
      "actual": {
        "paths": [
          "apps/1"
        ]
      },
      "pass": true
    },
    {
      "input": "apps/\"{1..1001}\"/*",
      "expected": {
        "paths": []
      },
      "actual": {
        "paths": []
      },
      "pass": true
    },
    {
      "input": "./apps/\"{1..1001}\"",
      "expected": {
        "paths": [
          "./apps/1"
        ]
      },
      "actual": {
        "paths": [
          "./apps/1"
        ]
      },
      "pass": true
    },
    {
      "input": "apps/${1..1001}",
      "expected": {
        "paths": []
      },
      "actual": {
        "paths": []
      },
      "pass": true
    },
    {
      "input": "apps/${1..1001}/",
      "expected": {
        "paths": []
      },
      "actual": {
        "paths": []
      },
      "pass": true
    },
    {
      "input": "apps/${1..1001}/*",
      "expected": {
        "paths": []
      },
      "actual": {
        "paths": []
      },
      "pass": true
    },
    {
      "input": "./apps/${1..1001}",
      "expected": {
        "paths": []
      },
      "actual": {
        "paths": []
      },
      "pass": true
    },
    {
      "input": "apps/{site,${1..1001}}",
      "expected": {
        "paths": [
          "apps/site"
        ]
      },
      "actual": {
        "paths": [
          "apps/site"
        ]
      },
      "pass": true
    },
    {
      "input": "apps/{site,${1..1001}}/",
      "expected": {
        "paths": [
          "apps/site/"
        ]
      },
      "actual": {
        "paths": [
          "apps/site/"
        ]
      },
      "pass": true
    },
    {
      "input": "apps/{site,${1..1001}}/*",
      "expected": {
        "paths": [
          "apps/site/nested"
        ]
      },
      "actual": {
        "paths": [
          "apps/site/nested"
        ]
      },
      "pass": true
    },
    {
      "input": "./apps/{site,${1..1001}}",
      "expected": {
        "paths": [
          "./apps/site"
        ]
      },
      "actual": {
        "paths": [
          "./apps/site"
        ]
      },
      "pass": true
    },
    {
      "input": "apps/{{site,admin},site}",
      "expected": {
        "paths": [
          "apps/site",
          "apps/admin"
        ]
      },
      "actual": {
        "paths": [
          "apps/site",
          "apps/admin"
        ]
      },
      "pass": true
    },
    {
      "input": "apps/{{site,admin},admin}",
      "expected": {
        "paths": [
          "apps/site",
          "apps/admin"
        ]
      },
      "actual": {
        "paths": [
          "apps/site",
          "apps/admin"
        ]
      },
      "pass": true
    },
    {
      "input": "apps/{{site,admin},{site,admin}}",
      "expected": {
        "paths": [
          "apps/site",
          "apps/admin"
        ]
      },
      "actual": {
        "paths": [
          "apps/site",
          "apps/admin"
        ]
      },
      "pass": true
    },
    {
      "input": "apps/{{site,admin},\"{site,admin}\"}",
      "expected": {
        "paths": [
          "apps/site",
          "apps/admin"
        ]
      },
      "actual": {
        "paths": [
          "apps/site",
          "apps/admin"
        ]
      },
      "pass": true
    },
    {
      "input": "apps/{{site,admin},{1..3}}",
      "expected": {
        "paths": [
          "apps/1",
          "apps/2",
          "apps/3",
          "apps/site",
          "apps/admin"
        ]
      },
      "actual": {
        "paths": [
          "apps/1",
          "apps/2",
          "apps/3",
          "apps/site",
          "apps/admin"
        ]
      },
      "pass": true
    },
    {
      "input": "apps/{{site,},site}",
      "expected": {
        "paths": [
          "apps/",
          "apps/site"
        ]
      },
      "actual": {
        "paths": [
          "apps/",
          "apps/site"
        ]
      },
      "pass": true
    },
    {
      "input": "apps/{{site,},admin}",
      "expected": {
        "paths": [
          "apps/",
          "apps/site",
          "apps/admin"
        ]
      },
      "actual": {
        "paths": [
          "apps/",
          "apps/site",
          "apps/admin"
        ]
      },
      "pass": true
    },
    {
      "input": "apps/{{site,},{site,admin}}",
      "expected": {
        "paths": [
          "apps/",
          "apps/site",
          "apps/admin"
        ]
      },
      "actual": {
        "paths": [
          "apps/",
          "apps/site",
          "apps/admin"
        ]
      },
      "pass": true
    },
    {
      "input": "apps/{{site,},\"{site,admin}\"}",
      "expected": {
        "paths": [
          "apps/",
          "apps/site",
          "apps/admin"
        ]
      },
      "actual": {
        "paths": [
          "apps/",
          "apps/site",
          "apps/admin"
        ]
      },
      "pass": true
    },
    {
      "input": "apps/{{site,},{1..3}}",
      "expected": {
        "paths": [
          "apps/",
          "apps/1",
          "apps/2",
          "apps/3",
          "apps/site"
        ]
      },
      "actual": {
        "paths": [
          "apps/",
          "apps/1",
          "apps/2",
          "apps/3",
          "apps/site"
        ]
      },
      "pass": true
    },
    {
      "input": "apps/{{,site},site}",
      "expected": {
        "paths": [
          "apps/",
          "apps/site"
        ]
      },
      "actual": {
        "paths": [
          "apps/",
          "apps/site"
        ]
      },
      "pass": true
    },
    {
      "input": "apps/{{,site},admin}",
      "expected": {
        "paths": [
          "apps/",
          "apps/site",
          "apps/admin"
        ]
      },
      "actual": {
        "paths": [
          "apps/",
          "apps/site",
          "apps/admin"
        ]
      },
      "pass": true
    },
    {
      "input": "apps/{{,site},{site,admin}}",
      "expected": {
        "paths": [
          "apps/",
          "apps/site",
          "apps/admin"
        ]
      },
      "actual": {
        "paths": [
          "apps/",
          "apps/site",
          "apps/admin"
        ]
      },
      "pass": true
    },
    {
      "input": "apps/{{,site},\"{site,admin}\"}",
      "expected": {
        "paths": [
          "apps/",
          "apps/site",
          "apps/admin"
        ]
      },
      "actual": {
        "paths": [
          "apps/",
          "apps/site",
          "apps/admin"
        ]
      },
      "pass": true
    },
    {
      "input": "apps/{{,site},{1..3}}",
      "expected": {
        "paths": [
          "apps/",
          "apps/1",
          "apps/2",
          "apps/3",
          "apps/site"
        ]
      },
      "actual": {
        "paths": [
          "apps/",
          "apps/1",
          "apps/2",
          "apps/3",
          "apps/site"
        ]
      },
      "pass": true
    },
    {
      "input": "apps/{{site,site},site}",
      "expected": {
        "paths": [
          "apps/site"
        ]
      },
      "actual": {
        "paths": [
          "apps/site"
        ]
      },
      "pass": true
    },
    {
      "input": "apps/{{site,site},admin}",
      "expected": {
        "paths": [
          "apps/site",
          "apps/admin"
        ]
      },
      "actual": {
        "paths": [
          "apps/site",
          "apps/admin"
        ]
      },
      "pass": true
    },
    {
      "input": "apps/{{site,site},{site,admin}}",
      "expected": {
        "paths": [
          "apps/site",
          "apps/admin"
        ]
      },
      "actual": {
        "paths": [
          "apps/site",
          "apps/admin"
        ]
      },
      "pass": true
    },
    {
      "input": "apps/{{site,site},\"{site,admin}\"}",
      "expected": {
        "paths": [
          "apps/site",
          "apps/admin"
        ]
      },
      "actual": {
        "paths": [
          "apps/site",
          "apps/admin"
        ]
      },
      "pass": true
    },
    {
      "input": "apps/{{site,site},{1..3}}",
      "expected": {
        "paths": [
          "apps/1",
          "apps/2",
          "apps/3",
          "apps/site"
        ]
      },
      "actual": {
        "paths": [
          "apps/1",
          "apps/2",
          "apps/3",
          "apps/site"
        ]
      },
      "pass": true
    },
    {
      "input": "apps/{{site},site}",
      "expected": {
        "paths": [
          "apps/site"
        ]
      },
      "actual": {
        "paths": [
          "apps/site"
        ]
      },
      "pass": true
    },
    {
      "input": "apps/{{site},admin}",
      "expected": {
        "paths": [
          "apps/admin"
        ]
      },
      "actual": {
        "paths": [
          "apps/admin"
        ]
      },
      "pass": true
    },
    {
      "input": "apps/{{site},{site,admin}}",
      "expected": {
        "paths": [
          "apps/site",
          "apps/admin"
        ]
      },
      "actual": {
        "paths": [
          "apps/site",
          "apps/admin"
        ]
      },
      "pass": true
    },
    {
      "input": "apps/{{site},\"{site,admin}\"}",
      "expected": {
        "paths": [
          "apps/admin",
          "apps/site"
        ]
      },
      "actual": {
        "paths": [
          "apps/admin",
          "apps/site"
        ]
      },
      "pass": true
    },
    {
      "input": "apps/{{site},{1..3}}",
      "expected": {
        "paths": [
          "apps/1",
          "apps/2",
          "apps/3"
        ]
      },
      "actual": {
        "paths": [
          "apps/1",
          "apps/2",
          "apps/3"
        ]
      },
      "pass": true
    },
    {
      "input": "apps/{{},site}",
      "expected": {
        "paths": [
          "apps/site"
        ]
      },
      "actual": {
        "paths": [
          "apps/site"
        ]
      },
      "pass": true
    },
    {
      "input": "apps/{{},admin}",
      "expected": {
        "paths": [
          "apps/admin"
        ]
      },
      "actual": {
        "paths": [
          "apps/admin"
        ]
      },
      "pass": true
    },
    {
      "input": "apps/{{},{site,admin}}",
      "expected": {
        "paths": [
          "apps/site",
          "apps/admin"
        ]
      },
      "actual": {
        "paths": [
          "apps/site",
          "apps/admin"
        ]
      },
      "pass": true
    },
    {
      "input": "apps/{{},\"{site,admin}\"}",
      "expected": {
        "paths": [
          "apps/admin",
          "apps/site"
        ]
      },
      "actual": {
        "paths": [
          "apps/admin",
          "apps/site"
        ]
      },
      "pass": true
    },
    {
      "input": "apps/{{},{1..3}}",
      "expected": {
        "paths": [
          "apps/1",
          "apps/2",
          "apps/3"
        ]
      },
      "actual": {
        "paths": [
          "apps/1",
          "apps/2",
          "apps/3"
        ]
      },
      "pass": true
    },
    {
      "input": "apps/{{{site,admin}},site}",
      "expected": {
        "paths": [
          "apps/site"
        ]
      },
      "actual": {
        "paths": [
          "apps/site"
        ]
      },
      "pass": true
    },
    {
      "input": "apps/{{{site,admin}},admin}",
      "expected": {
        "paths": [
          "apps/admin"
        ]
      },
      "actual": {
        "paths": [
          "apps/admin"
        ]
      },
      "pass": true
    },
    {
      "input": "apps/{{{site,admin}},{site,admin}}",
      "expected": {
        "paths": [
          "apps/site",
          "apps/admin"
        ]
      },
      "actual": {
        "paths": [
          "apps/site",
          "apps/admin"
        ]
      },
      "pass": true
    },
    {
      "input": "apps/{{{site,admin}},\"{site,admin}\"}",
      "expected": {
        "paths": [
          "apps/admin",
          "apps/site"
        ]
      },
      "actual": {
        "paths": [
          "apps/admin",
          "apps/site"
        ]
      },
      "pass": true
    },
    {
      "input": "apps/{{{site,admin}},{1..3}}",
      "expected": {
        "paths": [
          "apps/1",
          "apps/2",
          "apps/3"
        ]
      },
      "actual": {
        "paths": [
          "apps/1",
          "apps/2",
          "apps/3"
        ]
      },
      "pass": true
    },
    {
      "input": "apps/{${site,admin},site}",
      "expected": {
        "paths": [
          "apps/site"
        ]
      },
      "actual": {
        "paths": [
          "apps/site"
        ]
      },
      "pass": true
    },
    {
      "input": "apps/{${site,admin},admin}",
      "expected": {
        "paths": [
          "apps/admin"
        ]
      },
      "actual": {
        "paths": [
          "apps/admin"
        ]
      },
      "pass": true
    },
    {
      "input": "apps/{${site,admin},{site,admin}}",
      "expected": {
        "paths": [
          "apps/site",
          "apps/admin"
        ]
      },
      "actual": {
        "paths": [
          "apps/site",
          "apps/admin"
        ]
      },
      "pass": true
    },
    {
      "input": "apps/{${site,admin},\"{site,admin}\"}",
      "expected": {
        "paths": [
          "apps/admin",
          "apps/site"
        ]
      },
      "actual": {
        "paths": [
          "apps/admin",
          "apps/site"
        ]
      },
      "pass": true
    },
    {
      "input": "apps/{${site,admin},{1..3}}",
      "expected": {
        "paths": [
          "apps/1",
          "apps/2",
          "apps/3"
        ]
      },
      "actual": {
        "paths": [
          "apps/1",
          "apps/2",
          "apps/3"
        ]
      },
      "pass": true
    },
    {
      "input": "apps/{\"{site,admin}\",site}",
      "expected": {
        "paths": [
          "apps/site",
          "apps/admin"
        ]
      },
      "actual": {
        "paths": [
          "apps/site",
          "apps/admin"
        ]
      },
      "pass": true
    },
    {
      "input": "apps/{\"{site,admin}\",admin}",
      "expected": {
        "paths": [
          "apps/admin",
          "apps/site"
        ]
      },
      "actual": {
        "paths": [
          "apps/admin",
          "apps/site"
        ]
      },
      "pass": true
    },
    {
      "input": "apps/{\"{site,admin}\",{site,admin}}",
      "expected": {
        "paths": [
          "apps/site",
          "apps/admin"
        ]
      },
      "actual": {
        "paths": [
          "apps/site",
          "apps/admin"
        ]
      },
      "pass": true
    },
    {
      "input": "apps/{\"{site,admin}\",\"{site,admin}\"}",
      "expected": {
        "paths": [
          "apps/admin",
          "apps/site"
        ]
      },
      "actual": {
        "paths": [
          "apps/admin",
          "apps/site"
        ]
      },
      "pass": true
    },
    {
      "input": "apps/{\"{site,admin}\",{1..3}}",
      "expected": {
        "paths": [
          "apps/1",
          "apps/2",
          "apps/3",
          "apps/admin",
          "apps/site"
        ]
      },
      "actual": {
        "paths": [
          "apps/1",
          "apps/2",
          "apps/3",
          "apps/admin",
          "apps/site"
        ]
      },
      "pass": true
    },
    {
      "input": "apps/{'{site,admin}',site}",
      "expected": {
        "paths": [
          "apps/site",
          "apps/admin"
        ]
      },
      "actual": {
        "paths": [
          "apps/site",
          "apps/admin"
        ]
      },
      "pass": true
    },
    {
      "input": "apps/{'{site,admin}',admin}",
      "expected": {
        "paths": [
          "apps/admin",
          "apps/site"
        ]
      },
      "actual": {
        "paths": [
          "apps/admin",
          "apps/site"
        ]
      },
      "pass": true
    },
    {
      "input": "apps/{'{site,admin}',{site,admin}}",
      "expected": {
        "paths": [
          "apps/site",
          "apps/admin"
        ]
      },
      "actual": {
        "paths": [
          "apps/site",
          "apps/admin"
        ]
      },
      "pass": true
    },
    {
      "input": "apps/{'{site,admin}',\"{site,admin}\"}",
      "expected": {
        "paths": [
          "apps/admin",
          "apps/site"
        ]
      },
      "actual": {
        "paths": [
          "apps/admin",
          "apps/site"
        ]
      },
      "pass": true
    },
    {
      "input": "apps/{'{site,admin}',{1..3}}",
      "expected": {
        "paths": [
          "apps/1",
          "apps/2",
          "apps/3",
          "apps/admin",
          "apps/site"
        ]
      },
      "actual": {
        "paths": [
          "apps/1",
          "apps/2",
          "apps/3",
          "apps/admin",
          "apps/site"
        ]
      },
      "pass": true
    },
    {
      "input": "apps/{`{site,admin}`,site}",
      "expected": {
        "paths": [
          "apps/site",
          "apps/admin"
        ]
      },
      "actual": {
        "paths": [
          "apps/site",
          "apps/admin"
        ]
      },
      "pass": true
    },
    {
      "input": "apps/{`{site,admin}`,admin}",
      "expected": {
        "paths": [
          "apps/admin",
          "apps/site"
        ]
      },
      "actual": {
        "paths": [
          "apps/admin",
          "apps/site"
        ]
      },
      "pass": true
    },
    {
      "input": "apps/{`{site,admin}`,{site,admin}}",
      "expected": {
        "paths": [
          "apps/site",
          "apps/admin"
        ]
      },
      "actual": {
        "paths": [
          "apps/site",
          "apps/admin"
        ]
      },
      "pass": true
    },
    {
      "input": "apps/{`{site,admin}`,\"{site,admin}\"}",
      "expected": {
        "paths": [
          "apps/admin",
          "apps/site"
        ]
      },
      "actual": {
        "paths": [
          "apps/admin",
          "apps/site"
        ]
      },
      "pass": true
    },
    {
      "input": "apps/{`{site,admin}`,{1..3}}",
      "expected": {
        "paths": [
          "apps/1",
          "apps/2",
          "apps/3",
          "apps/admin",
          "apps/site"
        ]
      },
      "actual": {
        "paths": [
          "apps/1",
          "apps/2",
          "apps/3",
          "apps/admin",
          "apps/site"
        ]
      },
      "pass": true
    },
    {
      "input": "apps/{{1..3},site}",
      "expected": {
        "paths": [
          "apps/1",
          "apps/2",
          "apps/3",
          "apps/site"
        ]
      },
      "actual": {
        "paths": [
          "apps/1",
          "apps/2",
          "apps/3",
          "apps/site"
        ]
      },
      "pass": true
    },
    {
      "input": "apps/{{1..3},admin}",
      "expected": {
        "paths": [
          "apps/1",
          "apps/2",
          "apps/3",
          "apps/admin"
        ]
      },
      "actual": {
        "paths": [
          "apps/1",
          "apps/2",
          "apps/3",
          "apps/admin"
        ]
      },
      "pass": true
    },
    {
      "input": "apps/{{1..3},{site,admin}}",
      "expected": {
        "paths": [
          "apps/1",
          "apps/2",
          "apps/3",
          "apps/site",
          "apps/admin"
        ]
      },
      "actual": {
        "paths": [
          "apps/1",
          "apps/2",
          "apps/3",
          "apps/site",
          "apps/admin"
        ]
      },
      "pass": true
    },
    {
      "input": "apps/{{1..3},\"{site,admin}\"}",
      "expected": {
        "paths": [
          "apps/1",
          "apps/2",
          "apps/3",
          "apps/admin",
          "apps/site"
        ]
      },
      "actual": {
        "paths": [
          "apps/1",
          "apps/2",
          "apps/3",
          "apps/admin",
          "apps/site"
        ]
      },
      "pass": true
    },
    {
      "input": "apps/{{1..3},{1..3}}",
      "expected": {
        "paths": [
          "apps/1",
          "apps/2",
          "apps/3"
        ]
      },
      "actual": {
        "paths": [
          "apps/1",
          "apps/2",
          "apps/3"
        ]
      },
      "pass": true
    },
    {
      "input": "apps/{{01..03},site}",
      "expected": {
        "paths": [
          "apps/01",
          "apps/02",
          "apps/03",
          "apps/site"
        ]
      },
      "actual": {
        "paths": [
          "apps/01",
          "apps/02",
          "apps/03",
          "apps/site"
        ]
      },
      "pass": true
    },
    {
      "input": "apps/{{01..03},admin}",
      "expected": {
        "paths": [
          "apps/01",
          "apps/02",
          "apps/03",
          "apps/admin"
        ]
      },
      "actual": {
        "paths": [
          "apps/01",
          "apps/02",
          "apps/03",
          "apps/admin"
        ]
      },
      "pass": true
    },
    {
      "input": "apps/{{01..03},{site,admin}}",
      "expected": {
        "paths": [
          "apps/01",
          "apps/02",
          "apps/03",
          "apps/site",
          "apps/admin"
        ]
      },
      "actual": {
        "paths": [
          "apps/01",
          "apps/02",
          "apps/03",
          "apps/site",
          "apps/admin"
        ]
      },
      "pass": true
    },
    {
      "input": "apps/{{01..03},\"{site,admin}\"}",
      "expected": {
        "paths": [
          "apps/01",
          "apps/02",
          "apps/03",
          "apps/admin",
          "apps/site"
        ]
      },
      "actual": {
        "paths": [
          "apps/01",
          "apps/02",
          "apps/03",
          "apps/admin",
          "apps/site"
        ]
      },
      "pass": true
    },
    {
      "input": "apps/{{01..03},{1..3}}",
      "expected": {
        "paths": [
          "apps/1",
          "apps/2",
          "apps/3",
          "apps/01",
          "apps/02",
          "apps/03"
        ]
      },
      "actual": {
        "paths": [
          "apps/1",
          "apps/2",
          "apps/3",
          "apps/01",
          "apps/02",
          "apps/03"
        ]
      },
      "pass": true
    },
    {
      "input": "apps/{{3..1},site}",
      "expected": {
        "paths": [
          "apps/3",
          "apps/2",
          "apps/1",
          "apps/site"
        ]
      },
      "actual": {
        "paths": [
          "apps/3",
          "apps/2",
          "apps/1",
          "apps/site"
        ]
      },
      "pass": true
    },
    {
      "input": "apps/{{3..1},admin}",
      "expected": {
        "paths": [
          "apps/3",
          "apps/2",
          "apps/1",
          "apps/admin"
        ]
      },
      "actual": {
        "paths": [
          "apps/3",
          "apps/2",
          "apps/1",
          "apps/admin"
        ]
      },
      "pass": true
    },
    {
      "input": "apps/{{3..1},{site,admin}}",
      "expected": {
        "paths": [
          "apps/3",
          "apps/2",
          "apps/1",
          "apps/site",
          "apps/admin"
        ]
      },
      "actual": {
        "paths": [
          "apps/3",
          "apps/2",
          "apps/1",
          "apps/site",
          "apps/admin"
        ]
      },
      "pass": true
    },
    {
      "input": "apps/{{3..1},\"{site,admin}\"}",
      "expected": {
        "paths": [
          "apps/3",
          "apps/2",
          "apps/1",
          "apps/admin",
          "apps/site"
        ]
      },
      "actual": {
        "paths": [
          "apps/3",
          "apps/2",
          "apps/1",
          "apps/admin",
          "apps/site"
        ]
      },
      "pass": true
    },
    {
      "input": "apps/{{3..1},{1..3}}",
      "expected": {
        "paths": [
          "apps/3",
          "apps/2",
          "apps/1"
        ]
      },
      "actual": {
        "paths": [
          "apps/3",
          "apps/2",
          "apps/1"
        ]
      },
      "pass": true
    },
    {
      "input": "apps/{{1..3..2},site}",
      "expected": {
        "paths": [
          "apps/1",
          "apps/3",
          "apps/site"
        ]
      },
      "actual": {
        "paths": [
          "apps/1",
          "apps/3",
          "apps/site"
        ]
      },
      "pass": true
    },
    {
      "input": "apps/{{1..3..2},admin}",
      "expected": {
        "paths": [
          "apps/1",
          "apps/3",
          "apps/admin"
        ]
      },
      "actual": {
        "paths": [
          "apps/1",
          "apps/3",
          "apps/admin"
        ]
      },
      "pass": true
    },
    {
      "input": "apps/{{1..3..2},{site,admin}}",
      "expected": {
        "paths": [
          "apps/1",
          "apps/3",
          "apps/site",
          "apps/admin"
        ]
      },
      "actual": {
        "paths": [
          "apps/1",
          "apps/3",
          "apps/site",
          "apps/admin"
        ]
      },
      "pass": true
    },
    {
      "input": "apps/{{1..3..2},\"{site,admin}\"}",
      "expected": {
        "paths": [
          "apps/1",
          "apps/3",
          "apps/admin",
          "apps/site"
        ]
      },
      "actual": {
        "paths": [
          "apps/1",
          "apps/3",
          "apps/admin",
          "apps/site"
        ]
      },
      "pass": true
    },
    {
      "input": "apps/{{1..3..2},{1..3}}",
      "expected": {
        "paths": [
          "apps/1",
          "apps/3",
          "apps/2"
        ]
      },
      "actual": {
        "paths": [
          "apps/1",
          "apps/3",
          "apps/2"
        ]
      },
      "pass": true
    },
    {
      "input": "apps/{{-2..2},site}",
      "expected": {
        "paths": [
          "apps/1",
          "apps/2",
          "apps/site"
        ]
      },
      "actual": {
        "paths": [
          "apps/1",
          "apps/2",
          "apps/site"
        ]
      },
      "pass": true
    },
    {
      "input": "apps/{{-2..2},admin}",
      "expected": {
        "paths": [
          "apps/1",
          "apps/2",
          "apps/admin"
        ]
      },
      "actual": {
        "paths": [
          "apps/1",
          "apps/2",
          "apps/admin"
        ]
      },
      "pass": true
    },
    {
      "input": "apps/{{-2..2},{site,admin}}",
      "expected": {
        "paths": [
          "apps/1",
          "apps/2",
          "apps/site",
          "apps/admin"
        ]
      },
      "actual": {
        "paths": [
          "apps/1",
          "apps/2",
          "apps/site",
          "apps/admin"
        ]
      },
      "pass": true
    },
    {
      "input": "apps/{{-2..2},\"{site,admin}\"}",
      "expected": {
        "paths": [
          "apps/1",
          "apps/2",
          "apps/admin",
          "apps/site"
        ]
      },
      "actual": {
        "paths": [
          "apps/1",
          "apps/2",
          "apps/admin",
          "apps/site"
        ]
      },
      "pass": true
    },
    {
      "input": "apps/{{-2..2},{1..3}}",
      "expected": {
        "paths": [
          "apps/1",
          "apps/2",
          "apps/3"
        ]
      },
      "actual": {
        "paths": [
          "apps/1",
          "apps/2",
          "apps/3"
        ]
      },
      "pass": true
    },
    {
      "input": "apps/{{a..Z},site}",
      "expected": {
        "paths": [
          "apps/a",
          "apps/]",
          "apps/[",
          "apps/Z",
          "apps/site"
        ]
      },
      "actual": {
        "paths": [
          "apps/a",
          "apps/]",
          "apps/[",
          "apps/Z",
          "apps/site"
        ]
      },
      "pass": true
    },
    {
      "input": "apps/{{a..Z},admin}",
      "expected": {
        "paths": [
          "apps/a",
          "apps/]",
          "apps/[",
          "apps/Z",
          "apps/admin"
        ]
      },
      "actual": {
        "paths": [
          "apps/a",
          "apps/]",
          "apps/[",
          "apps/Z",
          "apps/admin"
        ]
      },
      "pass": true
    },
    {
      "input": "apps/{{a..Z},{site,admin}}",
      "expected": {
        "paths": [
          "apps/a",
          "apps/]",
          "apps/[",
          "apps/Z",
          "apps/site",
          "apps/admin"
        ]
      },
      "actual": {
        "paths": [
          "apps/a",
          "apps/]",
          "apps/[",
          "apps/Z",
          "apps/site",
          "apps/admin"
        ]
      },
      "pass": true
    },
    {
      "input": "apps/{{a..Z},\"{site,admin}\"}",
      "expected": {
        "paths": [
          "apps/a",
          "apps/]",
          "apps/[",
          "apps/Z",
          "apps/admin",
          "apps/site"
        ]
      },
      "actual": {
        "paths": [
          "apps/a",
          "apps/]",
          "apps/[",
          "apps/Z",
          "apps/admin",
          "apps/site"
        ]
      },
      "pass": true
    },
    {
      "input": "apps/{{a..Z},{1..3}}",
      "expected": {
        "paths": [
          "apps/a",
          "apps/]",
          "apps/[",
          "apps/Z",
          "apps/1",
          "apps/2",
          "apps/3"
        ]
      },
      "actual": {
        "paths": [
          "apps/a",
          "apps/]",
          "apps/[",
          "apps/Z",
          "apps/1",
          "apps/2",
          "apps/3"
        ]
      },
      "pass": true
    },
    {
      "input": "apps/{{Z..a},site}",
      "expected": {
        "paths": [
          "apps/Z",
          "apps/[",
          "apps/]",
          "apps/a",
          "apps/site"
        ]
      },
      "actual": {
        "paths": [
          "apps/Z",
          "apps/[",
          "apps/]",
          "apps/a",
          "apps/site"
        ]
      },
      "pass": true
    },
    {
      "input": "apps/{{Z..a},admin}",
      "expected": {
        "paths": [
          "apps/Z",
          "apps/[",
          "apps/]",
          "apps/a",
          "apps/admin"
        ]
      },
      "actual": {
        "paths": [
          "apps/Z",
          "apps/[",
          "apps/]",
          "apps/a",
          "apps/admin"
        ]
      },
      "pass": true
    },
    {
      "input": "apps/{{Z..a},{site,admin}}",
      "expected": {
        "paths": [
          "apps/Z",
          "apps/[",
          "apps/]",
          "apps/a",
          "apps/site",
          "apps/admin"
        ]
      },
      "actual": {
        "paths": [
          "apps/Z",
          "apps/[",
          "apps/]",
          "apps/a",
          "apps/site",
          "apps/admin"
        ]
      },
      "pass": true
    },
    {
      "input": "apps/{{Z..a},\"{site,admin}\"}",
      "expected": {
        "paths": [
          "apps/Z",
          "apps/[",
          "apps/]",
          "apps/a",
          "apps/admin",
          "apps/site"
        ]
      },
      "actual": {
        "paths": [
          "apps/Z",
          "apps/[",
          "apps/]",
          "apps/a",
          "apps/admin",
          "apps/site"
        ]
      },
      "pass": true
    },
    {
      "input": "apps/{{Z..a},{1..3}}",
      "expected": {
        "paths": [
          "apps/Z",
          "apps/[",
          "apps/]",
          "apps/a",
          "apps/1",
          "apps/2",
          "apps/3"
        ]
      },
      "actual": {
        "paths": [
          "apps/Z",
          "apps/[",
          "apps/]",
          "apps/a",
          "apps/1",
          "apps/2",
          "apps/3"
        ]
      },
      "pass": true
    },
    {
      "input": "apps/{{a..e..2},site}",
      "expected": {
        "paths": [
          "apps/a",
          "apps/site"
        ]
      },
      "actual": {
        "paths": [
          "apps/a",
          "apps/site"
        ]
      },
      "pass": true
    },
    {
      "input": "apps/{{a..e..2},admin}",
      "expected": {
        "paths": [
          "apps/a",
          "apps/admin"
        ]
      },
      "actual": {
        "paths": [
          "apps/a",
          "apps/admin"
        ]
      },
      "pass": true
    },
    {
      "input": "apps/{{a..e..2},{site,admin}}",
      "expected": {
        "paths": [
          "apps/a",
          "apps/site",
          "apps/admin"
        ]
      },
      "actual": {
        "paths": [
          "apps/a",
          "apps/site",
          "apps/admin"
        ]
      },
      "pass": true
    },
    {
      "input": "apps/{{a..e..2},\"{site,admin}\"}",
      "expected": {
        "paths": [
          "apps/a",
          "apps/admin",
          "apps/site"
        ]
      },
      "actual": {
        "paths": [
          "apps/a",
          "apps/admin",
          "apps/site"
        ]
      },
      "pass": true
    },
    {
      "input": "apps/{{a..e..2},{1..3}}",
      "expected": {
        "paths": [
          "apps/a",
          "apps/1",
          "apps/2",
          "apps/3"
        ]
      },
      "actual": {
        "paths": [
          "apps/a",
          "apps/1",
          "apps/2",
          "apps/3"
        ]
      },
      "pass": true
    },
    {
      "input": "apps/{{1..1},site}",
      "expected": {
        "paths": [
          "apps/1",
          "apps/site"
        ]
      },
      "actual": {
        "paths": [
          "apps/1",
          "apps/site"
        ]
      },
      "pass": true
    },
    {
      "input": "apps/{{1..1},admin}",
      "expected": {
        "paths": [
          "apps/1",
          "apps/admin"
        ]
      },
      "actual": {
        "paths": [
          "apps/1",
          "apps/admin"
        ]
      },
      "pass": true
    },
    {
      "input": "apps/{{1..1},{site,admin}}",
      "expected": {
        "paths": [
          "apps/1",
          "apps/site",
          "apps/admin"
        ]
      },
      "actual": {
        "paths": [
          "apps/1",
          "apps/site",
          "apps/admin"
        ]
      },
      "pass": true
    },
    {
      "input": "apps/{{1..1},\"{site,admin}\"}",
      "expected": {
        "paths": [
          "apps/1",
          "apps/admin",
          "apps/site"
        ]
      },
      "actual": {
        "paths": [
          "apps/1",
          "apps/admin",
          "apps/site"
        ]
      },
      "pass": true
    },
    {
      "input": "apps/{{1..1},{1..3}}",
      "expected": {
        "paths": [
          "apps/1",
          "apps/2",
          "apps/3"
        ]
      },
      "actual": {
        "paths": [
          "apps/1",
          "apps/2",
          "apps/3"
        ]
      },
      "pass": true
    },
    {
      "input": "apps/{{1..3..0},site}",
      "expected": {
        "paths": [
          "apps/1",
          "apps/2",
          "apps/3",
          "apps/site"
        ]
      },
      "actual": {
        "paths": [
          "apps/1",
          "apps/2",
          "apps/3",
          "apps/site"
        ]
      },
      "pass": true
    },
    {
      "input": "apps/{{1..3..0},admin}",
      "expected": {
        "paths": [
          "apps/1",
          "apps/2",
          "apps/3",
          "apps/admin"
        ]
      },
      "actual": {
        "paths": [
          "apps/1",
          "apps/2",
          "apps/3",
          "apps/admin"
        ]
      },
      "pass": true
    },
    {
      "input": "apps/{{1..3..0},{site,admin}}",
      "expected": {
        "paths": [
          "apps/1",
          "apps/2",
          "apps/3",
          "apps/site",
          "apps/admin"
        ]
      },
      "actual": {
        "paths": [
          "apps/1",
          "apps/2",
          "apps/3",
          "apps/site",
          "apps/admin"
        ]
      },
      "pass": true
    },
    {
      "input": "apps/{{1..3..0},\"{site,admin}\"}",
      "expected": {
        "paths": [
          "apps/1",
          "apps/2",
          "apps/3",
          "apps/admin",
          "apps/site"
        ]
      },
      "actual": {
        "paths": [
          "apps/1",
          "apps/2",
          "apps/3",
          "apps/admin",
          "apps/site"
        ]
      },
      "pass": true
    },
    {
      "input": "apps/{{1..3..0},{1..3}}",
      "expected": {
        "paths": [
          "apps/1",
          "apps/2",
          "apps/3"
        ]
      },
      "actual": {
        "paths": [
          "apps/1",
          "apps/2",
          "apps/3"
        ]
      },
      "pass": true
    },
    {
      "input": "apps/{{site,\"admin\"},site}",
      "expected": {
        "paths": [
          "apps/site",
          "apps/admin"
        ]
      },
      "actual": {
        "paths": [
          "apps/site",
          "apps/admin"
        ]
      },
      "pass": true
    },
    {
      "input": "apps/{{site,\"admin\"},admin}",
      "expected": {
        "paths": [
          "apps/site",
          "apps/admin"
        ]
      },
      "actual": {
        "paths": [
          "apps/site",
          "apps/admin"
        ]
      },
      "pass": true
    },
    {
      "input": "apps/{{site,\"admin\"},{site,admin}}",
      "expected": {
        "paths": [
          "apps/site",
          "apps/admin"
        ]
      },
      "actual": {
        "paths": [
          "apps/site",
          "apps/admin"
        ]
      },
      "pass": true
    },
    {
      "input": "apps/{{site,\"admin\"},\"{site,admin}\"}",
      "expected": {
        "paths": [
          "apps/site",
          "apps/admin"
        ]
      },
      "actual": {
        "paths": [
          "apps/site",
          "apps/admin"
        ]
      },
      "pass": true
    },
    {
      "input": "apps/{{site,\"admin\"},{1..3}}",
      "expected": {
        "paths": [
          "apps/1",
          "apps/2",
          "apps/3",
          "apps/site",
          "apps/admin"
        ]
      },
      "actual": {
        "paths": [
          "apps/1",
          "apps/2",
          "apps/3",
          "apps/site",
          "apps/admin"
        ]
      },
      "pass": true
    },
    {
      "input": "apps/{{site,\"admin,other\"},site}",
      "expected": {
        "paths": [
          "apps/site"
        ]
      },
      "actual": {
        "paths": [
          "apps/site"
        ]
      },
      "pass": true
    },
    {
      "input": "apps/{{site,\"admin,other\"},admin}",
      "expected": {
        "paths": [
          "apps/site",
          "apps/admin"
        ]
      },
      "actual": {
        "paths": [
          "apps/site",
          "apps/admin"
        ]
      },
      "pass": true
    },
    {
      "input": "apps/{{site,\"admin,other\"},{site,admin}}",
      "expected": {
        "paths": [
          "apps/site",
          "apps/admin"
        ]
      },
      "actual": {
        "paths": [
          "apps/site",
          "apps/admin"
        ]
      },
      "pass": true
    },
    {
      "input": "apps/{{site,\"admin,other\"},\"{site,admin}\"}",
      "expected": {
        "paths": [
          "apps/site",
          "apps/admin"
        ]
      },
      "actual": {
        "paths": [
          "apps/site",
          "apps/admin"
        ]
      },
      "pass": true
    },
    {
      "input": "apps/{{site,\"admin,other\"},{1..3}}",
      "expected": {
        "paths": [
          "apps/1",
          "apps/2",
          "apps/3",
          "apps/site"
        ]
      },
      "actual": {
        "paths": [
          "apps/1",
          "apps/2",
          "apps/3",
          "apps/site"
        ]
      },
      "pass": true
    },
    {
      "input": "apps/{{site,\"{admin,other}\"},site}",
      "expected": {
        "paths": [
          "apps/site",
          "apps/admin",
          "apps/other"
        ]
      },
      "actual": {
        "paths": [
          "apps/site",
          "apps/admin",
          "apps/other"
        ]
      },
      "pass": true
    },
    {
      "input": "apps/{{site,\"{admin,other}\"},admin}",
      "expected": {
        "paths": [
          "apps/site",
          "apps/admin",
          "apps/other"
        ]
      },
      "actual": {
        "paths": [
          "apps/site",
          "apps/admin",
          "apps/other"
        ]
      },
      "pass": true
    },
    {
      "input": "apps/{{site,\"{admin,other}\"},{site,admin}}",
      "expected": {
        "paths": [
          "apps/site",
          "apps/admin",
          "apps/other"
        ]
      },
      "actual": {
        "paths": [
          "apps/site",
          "apps/admin",
          "apps/other"
        ]
      },
      "pass": true
    },
    {
      "input": "apps/{{site,\"{admin,other}\"},\"{site,admin}\"}",
      "expected": {
        "paths": [
          "apps/site",
          "apps/admin",
          "apps/other"
        ]
      },
      "actual": {
        "paths": [
          "apps/site",
          "apps/admin",
          "apps/other"
        ]
      },
      "pass": true
    },
    {
      "input": "apps/{{site,\"{admin,other}\"},{1..3}}",
      "expected": {
        "paths": [
          "apps/1",
          "apps/2",
          "apps/3",
          "apps/site",
          "apps/admin",
          "apps/other"
        ]
      },
      "actual": {
        "paths": [
          "apps/1",
          "apps/2",
          "apps/3",
          "apps/site",
          "apps/admin",
          "apps/other"
        ]
      },
      "pass": true
    },
    {
      "input": "apps/{{site,'admin'},site}",
      "expected": {
        "paths": [
          "apps/site",
          "apps/admin"
        ]
      },
      "actual": {
        "paths": [
          "apps/site",
          "apps/admin"
        ]
      },
      "pass": true
    },
    {
      "input": "apps/{{site,'admin'},admin}",
      "expected": {
        "paths": [
          "apps/site",
          "apps/admin"
        ]
      },
      "actual": {
        "paths": [
          "apps/site",
          "apps/admin"
        ]
      },
      "pass": true
    },
    {
      "input": "apps/{{site,'admin'},{site,admin}}",
      "expected": {
        "paths": [
          "apps/site",
          "apps/admin"
        ]
      },
      "actual": {
        "paths": [
          "apps/site",
          "apps/admin"
        ]
      },
      "pass": true
    },
    {
      "input": "apps/{{site,'admin'},\"{site,admin}\"}",
      "expected": {
        "paths": [
          "apps/site",
          "apps/admin"
        ]
      },
      "actual": {
        "paths": [
          "apps/site",
          "apps/admin"
        ]
      },
      "pass": true
    },
    {
      "input": "apps/{{site,'admin'},{1..3}}",
      "expected": {
        "paths": [
          "apps/1",
          "apps/2",
          "apps/3",
          "apps/site",
          "apps/admin"
        ]
      },
      "actual": {
        "paths": [
          "apps/1",
          "apps/2",
          "apps/3",
          "apps/site",
          "apps/admin"
        ]
      },
      "pass": true
    },
    {
      "input": "apps/{{site,admin,site}",
      "expected": {
        "paths": []
      },
      "actual": {
        "paths": []
      },
      "pass": true
    },
    {
      "input": "apps/{{site,admin,admin}",
      "expected": {
        "paths": []
      },
      "actual": {
        "paths": []
      },
      "pass": true
    },
    {
      "input": "apps/{{site,admin,{site,admin}}",
      "expected": {
        "paths": []
      },
      "actual": {
        "paths": []
      },
      "pass": true
    },
    {
      "input": "apps/{{site,admin,\"{site,admin}\"}",
      "expected": {
        "paths": []
      },
      "actual": {
        "paths": []
      },
      "pass": true
    },
    {
      "input": "apps/{{site,admin,{1..3}}",
      "expected": {
        "paths": []
      },
      "actual": {
        "paths": []
      },
      "pass": true
    },
    {
      "input": "apps/{site,admin},site}",
      "expected": {
        "paths": []
      },
      "actual": {
        "paths": []
      },
      "pass": true
    },
    {
      "input": "apps/{site,admin},admin}",
      "expected": {
        "paths": []
      },
      "actual": {
        "paths": []
      },
      "pass": true
    },
    {
      "input": "apps/{site,admin},{site,admin}}",
      "expected": {
        "paths": []
      },
      "actual": {
        "paths": []
      },
      "pass": true
    },
    {
      "input": "apps/{site,admin},\"{site,admin}\"}",
      "expected": {
        "paths": []
      },
      "actual": {
        "paths": []
      },
      "pass": true
    },
    {
      "input": "apps/{site,admin},{1..3}}",
      "expected": {
        "paths": []
      },
      "actual": {
        "paths": []
      },
      "pass": true
    },
    {
      "input": "apps/{{1...3},site}",
      "expected": {
        "paths": [
          "apps/site",
          "apps/1",
          "apps/3"
        ]
      },
      "actual": {
        "paths": [
          "apps/site",
          "apps/1",
          "apps/3"
        ]
      },
      "pass": true
    },
    {
      "input": "apps/{{1...3},admin}",
      "expected": {
        "paths": [
          "apps/admin",
          "apps/1",
          "apps/3"
        ]
      },
      "actual": {
        "paths": [
          "apps/admin",
          "apps/1",
          "apps/3"
        ]
      },
      "pass": true
    },
    {
      "input": "apps/{{1...3},{site,admin}}",
      "expected": {
        "paths": [
          "apps/site",
          "apps/admin",
          "apps/1",
          "apps/3"
        ]
      },
      "actual": {
        "paths": [
          "apps/site",
          "apps/admin",
          "apps/1",
          "apps/3"
        ]
      },
      "pass": true
    },
    {
      "input": "apps/{{1...3},\"{site,admin}\"}",
      "expected": {
        "paths": [
          "apps/1",
          "apps/3",
          "apps/admin",
          "apps/site"
        ]
      },
      "actual": {
        "paths": [
          "apps/1",
          "apps/3",
          "apps/admin",
          "apps/site"
        ]
      },
      "pass": true
    },
    {
      "input": "apps/{{1...3},{1..3}}",
      "expected": {
        "paths": [
          "apps/1",
          "apps/2",
          "apps/3"
        ]
      },
      "actual": {
        "paths": [
          "apps/1",
          "apps/2",
          "apps/3"
        ]
      },
      "pass": true
    },
    {
      "input": "apps/{{1..x},site}",
      "expected": {
        "paths": [
          "apps/1",
          "apps/2",
          "apps/3",
          "apps/A",
          "apps/Z",
          "apps/[",
          "apps/]",
          "apps/a",
          "apps/site"
        ]
      },
      "actual": {
        "paths": [
          "apps/1",
          "apps/2",
          "apps/3",
          "apps/A",
          "apps/Z",
          "apps/[",
          "apps/]",
          "apps/a",
          "apps/site"
        ]
      },
      "pass": true
    },
    {
      "input": "apps/{{1..x},admin}",
      "expected": {
        "paths": [
          "apps/1",
          "apps/2",
          "apps/3",
          "apps/A",
          "apps/Z",
          "apps/[",
          "apps/]",
          "apps/a",
          "apps/admin"
        ]
      },
      "actual": {
        "paths": [
          "apps/1",
          "apps/2",
          "apps/3",
          "apps/A",
          "apps/Z",
          "apps/[",
          "apps/]",
          "apps/a",
          "apps/admin"
        ]
      },
      "pass": true
    },
    {
      "input": "apps/{{1..x},{site,admin}}",
      "expected": {
        "paths": [
          "apps/1",
          "apps/2",
          "apps/3",
          "apps/A",
          "apps/Z",
          "apps/[",
          "apps/]",
          "apps/a",
          "apps/site",
          "apps/admin"
        ]
      },
      "actual": {
        "paths": [
          "apps/1",
          "apps/2",
          "apps/3",
          "apps/A",
          "apps/Z",
          "apps/[",
          "apps/]",
          "apps/a",
          "apps/site",
          "apps/admin"
        ]
      },
      "pass": true
    },
    {
      "input": "apps/{{1..x},\"{site,admin}\"}",
      "expected": {
        "paths": [
          "apps/1",
          "apps/2",
          "apps/3",
          "apps/A",
          "apps/Z",
          "apps/[",
          "apps/]",
          "apps/a",
          "apps/admin",
          "apps/site"
        ]
      },
      "actual": {
        "paths": [
          "apps/1",
          "apps/2",
          "apps/3",
          "apps/A",
          "apps/Z",
          "apps/[",
          "apps/]",
          "apps/a",
          "apps/admin",
          "apps/site"
        ]
      },
      "pass": true
    },
    {
      "input": "apps/{{1..x},{1..3}}",
      "expected": {
        "paths": [
          "apps/1",
          "apps/2",
          "apps/3",
          "apps/A",
          "apps/Z",
          "apps/[",
          "apps/]",
          "apps/a"
        ]
      },
      "actual": {
        "paths": [
          "apps/1",
          "apps/2",
          "apps/3",
          "apps/A",
          "apps/Z",
          "apps/[",
          "apps/]",
          "apps/a"
        ]
      },
      "pass": true
    },
    {
      "input": "apps/{{x..3},site}",
      "expected": {
        "paths": [
          "apps/a",
          "apps/]",
          "apps/[",
          "apps/Z",
          "apps/A",
          "apps/3",
          "apps/site",
          "apps/1",
          "apps/2"
        ]
      },
      "actual": {
        "paths": [
          "apps/a",
          "apps/]",
          "apps/[",
          "apps/Z",
          "apps/A",
          "apps/3",
          "apps/site",
          "apps/1",
          "apps/2"
        ]
      },
      "pass": true
    },
    {
      "input": "apps/{{x..3},admin}",
      "expected": {
        "paths": [
          "apps/a",
          "apps/]",
          "apps/[",
          "apps/Z",
          "apps/A",
          "apps/3",
          "apps/admin",
          "apps/1",
          "apps/2"
        ]
      },
      "actual": {
        "paths": [
          "apps/a",
          "apps/]",
          "apps/[",
          "apps/Z",
          "apps/A",
          "apps/3",
          "apps/admin",
          "apps/1",
          "apps/2"
        ]
      },
      "pass": true
    },
    {
      "input": "apps/{{x..3},{site,admin}}",
      "expected": {
        "paths": [
          "apps/a",
          "apps/]",
          "apps/[",
          "apps/Z",
          "apps/A",
          "apps/3",
          "apps/site",
          "apps/admin",
          "apps/1",
          "apps/2"
        ]
      },
      "actual": {
        "paths": [
          "apps/a",
          "apps/]",
          "apps/[",
          "apps/Z",
          "apps/A",
          "apps/3",
          "apps/site",
          "apps/admin",
          "apps/1",
          "apps/2"
        ]
      },
      "pass": true
    },
    {
      "input": "apps/{{x..3},\"{site,admin}\"}",
      "expected": {
        "paths": [
          "apps/a",
          "apps/]",
          "apps/[",
          "apps/Z",
          "apps/A",
          "apps/3",
          "apps/1",
          "apps/2",
          "apps/admin",
          "apps/site"
        ]
      },
      "actual": {
        "paths": [
          "apps/a",
          "apps/]",
          "apps/[",
          "apps/Z",
          "apps/A",
          "apps/3",
          "apps/1",
          "apps/2",
          "apps/admin",
          "apps/site"
        ]
      },
      "pass": true
    },
    {
      "input": "apps/{{x..3},{1..3}}",
      "expected": {
        "paths": [
          "apps/a",
          "apps/]",
          "apps/[",
          "apps/Z",
          "apps/A",
          "apps/3",
          "apps/1",
          "apps/2"
        ]
      },
      "actual": {
        "paths": [
          "apps/a",
          "apps/]",
          "apps/[",
          "apps/Z",
          "apps/A",
          "apps/3",
          "apps/1",
          "apps/2"
        ]
      },
      "pass": true
    },
    {
      "input": "apps/{\\{site,admin\\},site}",
      "expected": {
        "paths": [
          "apps/site",
          "apps/admin/"
        ]
      },
      "actual": {
        "paths": [
          "apps/site",
          "apps/admin/"
        ]
      },
      "pass": true
    },
    {
      "input": "apps/{\\{site,admin\\},admin}",
      "expected": {
        "paths": [
          "apps/site",
          "apps/admin",
          "apps/admin/"
        ]
      },
      "actual": {
        "paths": [
          "apps/site",
          "apps/admin",
          "apps/admin/"
        ]
      },
      "pass": true
    },
    {
      "input": "apps/{\\{site,admin\\},{site,admin}}",
      "expected": {
        "paths": [
          "apps/site",
          "apps/admin",
          "apps/admin/"
        ]
      },
      "actual": {
        "paths": [
          "apps/site",
          "apps/admin",
          "apps/admin/"
        ]
      },
      "pass": true
    },
    {
      "input": "apps/{\\{site,admin\\},\"{site,admin}\"}",
      "expected": {
        "paths": [
          "apps/site",
          "apps/admin/",
          "apps/admin"
        ]
      },
      "actual": {
        "paths": [
          "apps/site",
          "apps/admin/",
          "apps/admin"
        ]
      },
      "pass": true
    },
    {
      "input": "apps/{\\{site,admin\\},{1..3}}",
      "expected": {
        "paths": [
          "apps/1",
          "apps/2",
          "apps/3",
          "apps/site",
          "apps/admin/"
        ]
      },
      "actual": {
        "paths": [
          "apps/1",
          "apps/2",
          "apps/3",
          "apps/site",
          "apps/admin/"
        ]
      },
      "pass": true
    },
    {
      "input": "apps/{[{site,admin}],site}",
      "expected": {
        "paths": [
          "apps/site",
          "apps/a"
        ]
      },
      "actual": {
        "paths": [
          "apps/site",
          "apps/a"
        ]
      },
      "pass": true
    },
    {
      "input": "apps/{[{site,admin}],admin}",
      "expected": {
        "paths": [
          "apps/admin",
          "apps/a"
        ]
      },
      "actual": {
        "paths": [
          "apps/admin",
          "apps/a"
        ]
      },
      "pass": true
    },
    {
      "input": "apps/{[{site,admin}],{site,admin}}",
      "expected": {
        "paths": [
          "apps/site",
          "apps/admin",
          "apps/a"
        ]
      },
      "actual": {
        "paths": [
          "apps/site",
          "apps/admin",
          "apps/a"
        ]
      },
      "pass": true
    },
    {
      "input": "apps/{[{site,admin}],\"{site,admin}\"}",
      "expected": {
        "paths": [
          "apps/a",
          "apps/admin",
          "apps/site"
        ]
      },
      "actual": {
        "paths": [
          "apps/a",
          "apps/admin",
          "apps/site"
        ]
      },
      "pass": true
    },
    {
      "input": "apps/{[{site,admin}],{1..3}}",
      "expected": {
        "paths": [
          "apps/1",
          "apps/2",
          "apps/3",
          "apps/a"
        ]
      },
      "actual": {
        "paths": [
          "apps/1",
          "apps/2",
          "apps/3",
          "apps/a"
        ]
      },
      "pass": true
    },
    {
      "input": "apps/{[{1..3}],site}",
      "expected": {
        "paths": [
          "apps/site",
          "apps/1",
          "apps/3"
        ]
      },
      "actual": {
        "paths": [
          "apps/site",
          "apps/1",
          "apps/3"
        ]
      },
      "pass": true
    },
    {
      "input": "apps/{[{1..3}],admin}",
      "expected": {
        "paths": [
          "apps/admin",
          "apps/1",
          "apps/3"
        ]
      },
      "actual": {
        "paths": [
          "apps/admin",
          "apps/1",
          "apps/3"
        ]
      },
      "pass": true
    },
    {
      "input": "apps/{[{1..3}],{site,admin}}",
      "expected": {
        "paths": [
          "apps/site",
          "apps/admin",
          "apps/1",
          "apps/3"
        ]
      },
      "actual": {
        "paths": [
          "apps/site",
          "apps/admin",
          "apps/1",
          "apps/3"
        ]
      },
      "pass": true
    },
    {
      "input": "apps/{[{1..3}],\"{site,admin}\"}",
      "expected": {
        "paths": [
          "apps/1",
          "apps/3",
          "apps/admin",
          "apps/site"
        ]
      },
      "actual": {
        "paths": [
          "apps/1",
          "apps/3",
          "apps/admin",
          "apps/site"
        ]
      },
      "pass": true
    },
    {
      "input": "apps/{[{1..3}],{1..3}}",
      "expected": {
        "paths": [
          "apps/1",
          "apps/2",
          "apps/3"
        ]
      },
      "actual": {
        "paths": [
          "apps/1",
          "apps/2",
          "apps/3"
        ]
      },
      "pass": true
    },
    {
      "input": "apps/{\\\"{site,admin}\\\",site}",
      "expected": {
        "paths": [
          "apps/site",
          "apps/admin"
        ]
      },
      "actual": {
        "paths": [
          "apps/site",
          "apps/admin"
        ]
      },
      "pass": true
    },
    {
      "input": "apps/{\\\"{site,admin}\\\",admin}",
      "expected": {
        "paths": [
          "apps/admin",
          "apps/site"
        ]
      },
      "actual": {
        "paths": [
          "apps/admin",
          "apps/site"
        ]
      },
      "pass": true
    },
    {
      "input": "apps/{\\\"{site,admin}\\\",{site,admin}}",
      "expected": {
        "paths": [
          "apps/site",
          "apps/admin"
        ]
      },
      "actual": {
        "paths": [
          "apps/site",
          "apps/admin"
        ]
      },
      "pass": true
    },
    {
      "input": "apps/{\\\"{site,admin}\\\",\"{site,admin}\"}",
      "expected": {
        "paths": [
          "apps/admin",
          "apps/site"
        ]
      },
      "actual": {
        "paths": [
          "apps/admin",
          "apps/site"
        ]
      },
      "pass": true
    },
    {
      "input": "apps/{\\\"{site,admin}\\\",{1..3}}",
      "expected": {
        "paths": [
          "apps/1",
          "apps/2",
          "apps/3",
          "apps/admin",
          "apps/site"
        ]
      },
      "actual": {
        "paths": [
          "apps/1",
          "apps/2",
          "apps/3",
          "apps/admin",
          "apps/site"
        ]
      },
      "pass": true
    },
    {
      "input": "apps/{{site,admin}\\,site}",
      "expected": {
        "paths": [
          "apps/site",
          "apps/site/",
          "apps/admin/"
        ]
      },
      "actual": {
        "paths": [
          "apps/site",
          "apps/site/",
          "apps/admin/"
        ]
      },
      "pass": true
    },
    {
      "input": "apps/{{site,admin}\\,admin}",
      "expected": {
        "paths": [
          "apps/site/",
          "apps/admin",
          "apps/admin/"
        ]
      },
      "actual": {
        "paths": [
          "apps/site/",
          "apps/admin",
          "apps/admin/"
        ]
      },
      "pass": true
    },
    {
      "input": "apps/{{site,admin}\\,{site,admin}}",
      "expected": {
        "paths": [
          "apps/site",
          "apps/admin",
          "apps/site/",
          "apps/admin/"
        ]
      },
      "actual": {
        "paths": [
          "apps/site",
          "apps/admin",
          "apps/site/",
          "apps/admin/"
        ]
      },
      "pass": true
    },
    {
      "input": "apps/{{site,admin}\\,\"{site,admin}\"}",
      "expected": {
        "paths": [
          "apps/site/",
          "apps/admin/",
          "apps/admin",
          "apps/site"
        ]
      },
      "actual": {
        "paths": [
          "apps/site/",
          "apps/admin/",
          "apps/admin",
          "apps/site"
        ]
      },
      "pass": true
    },
    {
      "input": "apps/{{site,admin}\\,{1..3}}",
      "expected": {
        "paths": [
          "apps/1",
          "apps/2",
          "apps/3",
          "apps/site/",
          "apps/admin/"
        ]
      },
      "actual": {
        "paths": [
          "apps/1",
          "apps/2",
          "apps/3",
          "apps/site/",
          "apps/admin/"
        ]
      },
      "pass": true
    },
    {
      "input": "apps/{{__responseos_literal_0__,site},site}",
      "expected": {
        "paths": [
          "apps/site"
        ]
      },
      "actual": {
        "paths": [
          "apps/site"
        ]
      },
      "pass": true
    },
    {
      "input": "apps/{{__responseos_literal_0__,site},admin}",
      "expected": {
        "paths": [
          "apps/site",
          "apps/admin"
        ]
      },
      "actual": {
        "paths": [
          "apps/site",
          "apps/admin"
        ]
      },
      "pass": true
    },
    {
      "input": "apps/{{__responseos_literal_0__,site},{site,admin}}",
      "expected": {
        "paths": [
          "apps/site",
          "apps/admin"
        ]
      },
      "actual": {
        "paths": [
          "apps/site",
          "apps/admin"
        ]
      },
      "pass": true
    },
    {
      "input": "apps/{{__responseos_literal_0__,site},\"{site,admin}\"}",
      "expected": {
        "paths": [
          "apps/site",
          "apps/admin"
        ]
      },
      "actual": {
        "paths": [
          "apps/site",
          "apps/admin"
        ]
      },
      "pass": true
    },
    {
      "input": "apps/{{__responseos_literal_0__,site},{1..3}}",
      "expected": {
        "paths": [
          "apps/1",
          "apps/2",
          "apps/3",
          "apps/site"
        ]
      },
      "actual": {
        "paths": [
          "apps/1",
          "apps/2",
          "apps/3",
          "apps/site"
        ]
      },
      "pass": true
    },
    {
      "input": "apps/{{site,admin}{1..3},site}",
      "expected": {
        "paths": [
          "apps/site"
        ]
      },
      "actual": {
        "paths": [
          "apps/site"
        ]
      },
      "pass": true
    },
    {
      "input": "apps/{{site,admin}{1..3},admin}",
      "expected": {
        "paths": [
          "apps/admin"
        ]
      },
      "actual": {
        "paths": [
          "apps/admin"
        ]
      },
      "pass": true
    },
    {
      "input": "apps/{{site,admin}{1..3},{site,admin}}",
      "expected": {
        "paths": [
          "apps/site",
          "apps/admin"
        ]
      },
      "actual": {
        "paths": [
          "apps/site",
          "apps/admin"
        ]
      },
      "pass": true
    },
    {
      "input": "apps/{{site,admin}{1..3},\"{site,admin}\"}",
      "expected": {
        "paths": [
          "apps/admin",
          "apps/site"
        ]
      },
      "actual": {
        "paths": [
          "apps/admin",
          "apps/site"
        ]
      },
      "pass": true
    },
    {
      "input": "apps/{{site,admin}{1..3},{1..3}}",
      "expected": {
        "paths": [
          "apps/1",
          "apps/2",
          "apps/3"
        ]
      },
      "actual": {
        "paths": [
          "apps/1",
          "apps/2",
          "apps/3"
        ]
      },
      "pass": true
    },
    {
      "input": "apps/{{,site}/{,admin},site}",
      "expected": {
        "paths": [
          "apps/",
          "apps/site",
          "apps/admin",
          "apps/site/"
        ]
      },
      "actual": {
        "paths": [
          "apps/",
          "apps/site",
          "apps/admin",
          "apps/site/"
        ]
      },
      "pass": true
    },
    {
      "input": "apps/{{,site}/{,admin},admin}",
      "expected": {
        "paths": [
          "apps/",
          "apps/admin",
          "apps/site/"
        ]
      },
      "actual": {
        "paths": [
          "apps/",
          "apps/admin",
          "apps/site/"
        ]
      },
      "pass": true
    },
    {
      "input": "apps/{{,site}/{,admin},{site,admin}}",
      "expected": {
        "paths": [
          "apps/",
          "apps/site",
          "apps/admin",
          "apps/site/"
        ]
      },
      "actual": {
        "paths": [
          "apps/",
          "apps/site",
          "apps/admin",
          "apps/site/"
        ]
      },
      "pass": true
    },
    {
      "input": "apps/{{,site}/{,admin},\"{site,admin}\"}",
      "expected": {
        "paths": [
          "apps/",
          "apps/admin",
          "apps/site/",
          "apps/site"
        ]
      },
      "actual": {
        "paths": [
          "apps/",
          "apps/admin",
          "apps/site/",
          "apps/site"
        ]
      },
      "pass": true
    },
    {
      "input": "apps/{{,site}/{,admin},{1..3}}",
      "expected": {
        "paths": [
          "apps/",
          "apps/1",
          "apps/2",
          "apps/3",
          "apps/admin",
          "apps/site/"
        ]
      },
      "actual": {
        "paths": [
          "apps/",
          "apps/1",
          "apps/2",
          "apps/3",
          "apps/admin",
          "apps/site/"
        ]
      },
      "pass": true
    },
    {
      "input": "apps/{{site,{admin,other}},site}",
      "expected": {
        "paths": [
          "apps/site",
          "apps/admin",
          "apps/other"
        ]
      },
      "actual": {
        "paths": [
          "apps/site",
          "apps/admin",
          "apps/other"
        ]
      },
      "pass": true
    },
    {
      "input": "apps/{{site,{admin,other}},admin}",
      "expected": {
        "paths": [
          "apps/site",
          "apps/admin",
          "apps/other"
        ]
      },
      "actual": {
        "paths": [
          "apps/site",
          "apps/admin",
          "apps/other"
        ]
      },
      "pass": true
    },
    {
      "input": "apps/{{site,{admin,other}},{site,admin}}",
      "expected": {
        "paths": [
          "apps/site",
          "apps/admin",
          "apps/other"
        ]
      },
      "actual": {
        "paths": [
          "apps/site",
          "apps/admin",
          "apps/other"
        ]
      },
      "pass": true
    },
    {
      "input": "apps/{{site,{admin,other}},\"{site,admin}\"}",
      "expected": {
        "paths": [
          "apps/site",
          "apps/admin",
          "apps/other"
        ]
      },
      "actual": {
        "paths": [
          "apps/site",
          "apps/admin",
          "apps/other"
        ]
      },
      "pass": true
    },
    {
      "input": "apps/{{site,{admin,other}},{1..3}}",
      "expected": {
        "paths": [
          "apps/1",
          "apps/2",
          "apps/3",
          "apps/site",
          "apps/admin",
          "apps/other"
        ]
      },
      "actual": {
        "paths": [
          "apps/1",
          "apps/2",
          "apps/3",
          "apps/site",
          "apps/admin",
          "apps/other"
        ]
      },
      "pass": true
    },
    {
      "input": "apps/{{site,{admin,\"other\"}},site}",
      "expected": {
        "paths": [
          "apps/site",
          "apps/admin",
          "apps/other"
        ]
      },
      "actual": {
        "paths": [
          "apps/site",
          "apps/admin",
          "apps/other"
        ]
      },
      "pass": true
    },
    {
      "input": "apps/{{site,{admin,\"other\"}},admin}",
      "expected": {
        "paths": [
          "apps/site",
          "apps/admin",
          "apps/other"
        ]
      },
      "actual": {
        "paths": [
          "apps/site",
          "apps/admin",
          "apps/other"
        ]
      },
      "pass": true
    },
    {
      "input": "apps/{{site,{admin,\"other\"}},{site,admin}}",
      "expected": {
        "paths": [
          "apps/site",
          "apps/admin",
          "apps/other"
        ]
      },
      "actual": {
        "paths": [
          "apps/site",
          "apps/admin",
          "apps/other"
        ]
      },
      "pass": true
    },
    {
      "input": "apps/{{site,{admin,\"other\"}},\"{site,admin}\"}",
      "expected": {
        "paths": [
          "apps/site",
          "apps/admin",
          "apps/other"
        ]
      },
      "actual": {
        "paths": [
          "apps/site",
          "apps/admin",
          "apps/other"
        ]
      },
      "pass": true
    },
    {
      "input": "apps/{{site,{admin,\"other\"}},{1..3}}",
      "expected": {
        "paths": [
          "apps/1",
          "apps/2",
          "apps/3",
          "apps/site",
          "apps/admin",
          "apps/other"
        ]
      },
      "actual": {
        "paths": [
          "apps/1",
          "apps/2",
          "apps/3",
          "apps/site",
          "apps/admin",
          "apps/other"
        ]
      },
      "pass": true
    }
  ]
}
